step,vx_150_50,vy_150_50,pressure_150_50,Cd,Cl,energy
0,0.0000000000e+00,0.0000000000e+00,0.0000000000e+00,0.0000000000e+00,0.0000000000e+00,1.2250000000e+03
1,4.9226250648e+00,-1.4843749814e-03,4.8223443750e+05,1.2115782738e+01,-6.6666660132e-04,2.4679893750e+05
2,5.0341606140e+00,6.7712820601e-04,1.1186321289e+04,1.7279660702e+00,1.4473436400e-02,2.5458160938e+05
3,5.0311837196e+00,6.9938407978e-04,-2.7461334229e+02,1.4790323973e+00,-1.3237824664e-02,2.5447176562e+05
4,5.0273118019e+00,5.3757359274e-04,-3.8346328735e+02,1.3941041231e+00,5.0525385886e-03,2.5436228125e+05
5,5.0224280357e+00,5.2415742539e-04,-4.5592904663e+02,1.3329993486e+00,1.6406900249e-03,2.5422957812e+05
6,5.0174565315e+00,3.5117683001e-04,-5.0178192139e+02,1.2929289341e+00,-7.5596347451e-03,2.5407209375e+05
7,5.0123071671e+00,4.9701111857e-04,-5.1067929077e+02,1.2912045717e+00,-6.8183587864e-03,2.5387390625e+05
8,5.0075650215e+00,-2.0088336896e-04,-4.9225741577e+02,1.2634149790e+00,-5.5465493351e-03,2.5367953125e+05
9,5.0025582314e+00,1.7886217393e-05,-4.7434146118e+02,1.2367280722e+00,-1.7423826503e-03,2.5348700000e+05
10,4.9980278015e+00,3.0231574783e-05,-4.5324252319e+02,1.2158219814e+00,-1.4543162659e-02,2.5329748438e+05
11,4.9935288429e+00,-1.2876893743e-04,-4.3052935791e+02,1.1900094748e+00,-3.8121091202e-03,2.5312800000e+05
12,4.9896063805e+00,-9.9712691735e-05,-3.8857208252e+02,1.1819295883e+00,-1.1288410984e-02,2.5298153125e+05
13,4.9861416817e+00,-2.3865650292e-04,-3.4745980835e+02,1.1471376419e+00,-1.2237824500e-02,2.5287779688e+05
14,4.9826974869e+00,-2.4760368979e-04,-3.0861260986e+02,1.1529904604e+00,4.6527339146e-03,2.5280798438e+05
15,4.9801192284e+00,-1.0164311971e-04,-2.4925051880e+02,1.1325595379e+00,8.6478507146e-03,2.5279050000e+05
16,4.9783153534e+00,-4.3165331590e-05,-1.7174479675e+02,1.1117898226e+00,-2.9037757777e-03,2.5282446875e+05
17,4.9774017334e+00,-4.0761599666e-04,-9.6938728333e+01,1.1132715940e+00,-4.2330725119e-03,2.5290735938e+05
18,4.9770345688e+00,-3.9235892473e-04,-2.6592418671e+01,1.1054767370e+00,-6.8127601407e-03,2.5304137500e+05
19,4.9773879051e+00,-3.0018566758e-04,4.7800575256e+01,1.1005301476e+00,8.7948562577e-03,2.5322193750e+05
20,4.9783782959e+00,-3.7060468458e-04,1.2165327454e+02,1.0919320583e+00,4.2565100011e-04,2.5344210938e+05
21,4.9799127579e+00,-1.1778528278e-04,1.8374659729e+02,1.0766639709e+00,6.1518875882e-03,2.5370710938e+05
22,4.9819035530e+00,6.5962369263e-05,2.3094062805e+02,1.0683535337e+00,6.9451816380e-03,2.5399465625e+05
23,4.9844479561e+00,1.6069810954e-04,2.7714929199e+02,1.0517085791e+00,5.0433590077e-03,2.5431710938e+05
24,4.9870581627e+00,9.8685966805e-05,3.1074526978e+02,1.0492136478e+00,5.6080399081e-03,2.5465557812e+05
25,4.9899754524e+00,7.7074088040e-05,3.3577133179e+02,1.0454834700e+00,-2.1578448359e-03,2.5499773438e+05
26,4.9930295944e+00,-4.2016210500e-05,3.4597662354e+02,1.0313369036e+00,4.7200519475e-06,2.5535757812e+05
27,4.9960293770e+00,4.8324603995e-05,3.4667703247e+02,1.0236458778e+00,-5.3095701151e-04,2.5572546875e+05
28,4.9987373352e+00,1.7336307792e-04,3.4624548340e+02,1.0297507048e+00,-4.5697586611e-03,2.5608137500e+05
29,5.0006103516e+00,2.1665074746e-04,3.3029165649e+02,1.0261321068e+00,-1.2635773979e-02,2.5642779688e+05
30,5.0029134750e+00,1.4119586558e-04,3.0473202515e+02,1.0297803879e+00,-1.5131509863e-03,2.5675610938e+05
31,5.0048284531e+00,5.5327429436e-05,2.7289889526e+02,1.0268585682e+00,-1.5783267096e-02,2.5706031250e+05
32,5.0057687759e+00,2.6112474734e-04,2.3668550110e+02,1.0136948824e+00,-1.8581964076e-02,2.5734556250e+05
33,5.0061092377e+00,4.7499383072e-05,1.9097338867e+02,1.0173162222e+00,-2.4689938873e-02,2.5760734375e+05
34,5.0058798790e+00,5.4911401821e-04,1.3960066223e+02,1.0135875940e+00,-1.7680369318e-02,2.5782659375e+05
35,5.0049667358e+00,-3.7954523577e-04,9.1303695679e+01,1.0017931461e+00,-1.6158917919e-02,2.5801303125e+05
36,5.0034284592e+00,-7.1939983172e-04,4.3604698181e+01,9.8852986097e-01,-8.4844399244e-03,2.5816395312e+05
37,4.9986634254e+00,-2.4653712171e-04,-2.3571903706e+00,9.9241423607e-01,-2.4496125057e-02,2.5826281250e+05
38,4.9943323135e+00,-4.7248124611e-04,-4.6176471710e+01,9.8824006319e-01,-1.1549739167e-02,2.5833365625e+05
39,4.9915418625e+00,-7.6609337702e-04,-8.7373229980e+01,9.7420799732e-01,-9.4609372318e-03,2.5837929688e+05
40,4.9831562042e+00,-1.1654953705e-03,-1.2243679047e+02,9.7502690554e-01,-1.0653775185e-02,2.5839689062e+05
41,4.9761204720e+00,-2.0148155745e-03,-1.5456398010e+02,9.7474896908e-01,-8.7273428217e-03,2.5839176562e+05
42,4.9604468346e+00,-2.8304771986e-03,-1.8251242065e+02,9.6929264069e-01,-1.7649738584e-04,2.5836873438e+05
43,4.9448089600e+00,-2.2346968763e-03,-1.9830964661e+02,9.6780329943e-01,1.3383332640e-02,2.5833129688e+05
44,4.9298334122e+00,-3.8403738290e-03,-2.0376799011e+02,9.6578741074e-01,6.8386062048e-03,2.5827970312e+05
45,4.8997311592e+00,-5.5769933388e-03,-2.0466404724e+02,9.6996033192e-01,1.3077571057e-02,2.5822912500e+05
46,4.8650617599e+00,-3.9893230423e-03,-1.9586477661e+02,9.6658110619e-01,3.0730467290e-02,2.5817487500e+05
47,4.8219580650e+00,-1.4792578295e-02,-1.8778401184e+02,9.6148002148e-01,3.4136716276e-02,2.5812312500e+05
48,4.7336964607e+00,-2.0868899301e-02,-1.7480262756e+02,9.5607179403e-01,3.6564972252e-02,2.5808728125e+05
49,4.6405615807e+00,-1.5778942034e-02,-1.5439094543e+02,9.5417755842e-01,3.6409534514e-02,2.5806748438e+05
50,4.5473380089e+00,-3.3390678465e-02,-1.3745773315e+02,9.6163862944e-01,3.6538928747e-02,2.5806248438e+05
51,4.4657969475e+00,-2.1380692720e-02,-1.0793305969e+02,9.4039106369e-01,4.2452961206e-02,2.5808037500e+05
52,4.3861689568e+00,-5.3995158523e-02,-8.3956741333e+01,9.5811206102e-01,4.4574052095e-02,2.5811139062e+05
53,4.2789378166e+00,-3.4147486091e-02,-4.3384159088e+01,9.4669467211e-01,4.1100516915e-02,2.5818515625e+05
54,4.2124476433e+00,-3.8468655199e-02,-1.7549900055e+01,9.5505702496e-01,3.9283037186e-02,2.5827918750e+05
55,4.1505799294e+00,-9.2456517741e-03,-5.1288056374e+00,9.5256495476e-01,3.7627700716e-02,2.5840809375e+05
56,4.0681600571e+00,-1.1402345262e-02,2.5379739761e+01,9.4552743435e-01,2.1775551140e-02,2.5855654688e+05
57,3.9978890419e+00,5.2323378623e-02,4.6111293793e+01,9.3860816956e-01,1.8142968416e-02,2.5872200000e+05
58,3.9699275494e+00,4.3777026236e-02,7.6035476685e+01,9.4563746452e-01,9.8235672340e-04,2.5891526562e+05
59,3.9906706810e+00,-3.0279615894e-02,8.7141944885e+01,9.4788497686e-01,-4.0440750308e-03,2.5912346875e+05
60,3.9391922951e+00,-1.5123936534e-01,1.1427582550e+02,9.4968569279e-01,-2.0727016032e-02,2.5934720312e+05
61,3.9146895409e+00,-3.4024640918e-02,1.2126788330e+02,9.5892661810e-01,-2.9102081433e-02,2.5958106250e+05
62,3.8700540066e+00,8.2622915506e-02,1.2106900787e+02,9.5177417994e-01,-4.1204847395e-02,2.5982450000e+05
63,3.7795836926e+00,1.7313995957e-01,1.2835316467e+02,9.5654809475e-01,-5.6948076934e-02,2.6006600000e+05
64,3.8972945213e+00,1.2854813039e-01,1.0935199738e+02,9.4869458675e-01,-8.4946185350e-02,2.6031140625e+05
65,3.9471118450e+00,9.7688660026e-03,8.6303215027e+01,9.6047914028e-01,-1.0821044445e-01,2.6054231250e+05
66,3.9589307308e+00,-1.0132617503e-01,9.5825836182e+01,9.6999001503e-01,-1.3304145634e-01,2.6076575000e+05
67,3.7913744450e+00,-2.0714195073e-01,1.1658857727e+02,9.7564500570e-01,-1.4212043583e-01,2.6097485938e+05
68,3.7210791111e+00,1.7088603228e-02,6.6679321289e+01,9.8868966103e-01,-1.5769591928e-01,2.6116951562e+05
69,3.6236493587e+00,1.4150980115e-01,2.5964828491e+01,9.8419433832e-01,-1.7544904351e-01,2.6134504688e+05
70,3.7488844395e+00,8.2574382424e-02,-2.4486951828e+01,9.9345499277e-01,-2.0312306285e-01,2.6148984375e+05
71,3.8615050316e+00,-2.1008928120e-01,-3.6158672333e+01,1.0069063902e+00,-2.1454501152e-01,2.6161967188e+05
72,3.7538800240e+00,-2.3716720939e-01,-1.0426069260e+01,9.8668342829e-01,-2.2134861350e-01,2.6174304688e+05
73,3.9172539711e+00,-1.8067806959e-01,-1.0682961273e+02,1.0007884502e+00,-2.2615148127e-01,2.6183992188e+05
74,3.6592462063e+00,6.1404453591e-03,-1.5356921387e+02,9.9335277081e-01,-2.2845336795e-01,2.6192118750e+05
75,3.4831185341e+00,-5.6441389024e-03,-1.5436418152e+02,9.9773198366e-01,-2.2003367543e-01,2.6198923438e+05
76,3.6715161800e+00,-3.0968770385e-02,-9.1832679749e+01,1.0052286386e+00,-2.1597759426e-01,2.6203865625e+05
77,3.9264602661e+00,-7.9396538436e-02,-1.1434571075e+02,1.0085612535e+00,-2.0157964528e-01,2.6208150000e+05
78,3.7714805603e+00,-1.2748409808e-01,-9.8550376892e+01,1.0194088221e+00,-1.9081909955e-01,2.6211287500e+05
79,4.0167541504e+00,-1.5846195817e-01,-1.2334900665e+02,1.0063501596e+00,-1.6376551986e-01,2.6213940625e+05
80,4.1435356140e+00,-9.3342453241e-02,-1.8436068726e+02,1.0054781437e+00,-1.5393787622e-01,2.6215550000e+05
81,4.1674518585e+00,-8.5841707885e-02,-2.2840759277e+02,1.0139325857e+00,-1.3887938857e-01,2.6218946875e+05
82,4.1159377098e+00,1.7194878310e-02,-2.0222663879e+02,1.0103079081e+00,-1.2024293095e-01,2.6222831250e+05
83,4.0280804634e+00,-7.2843447328e-02,-7.4219505310e+01,9.8846960068e-01,-1.1279507726e-01,2.6226296875e+05
84,4.3025279045e+00,-9.3774721026e-02,-1.0401651001e+02,9.8908311129e-01,-9.1880947351e-02,2.6231281250e+05
85,4.2506871223e+00,5.5276382715e-02,-1.3140089417e+02,9.9392133951e-01,-7.6024770737e-02,2.6235700000e+05
86,3.8239083290e+00,3.7229791284e-01,-3.1761280060e+01,9.9148797989e-01,-7.8551232815e-02,2.6241796875e+05
87,3.9800372124e+00,2.5821405649e-01,-4.3603641510e+01,9.7096228600e-01,-6.9450646639e-02,2.6250221875e+05
88,4.1116662025e+00,1.5084300935e-01,-4.3786872864e+01,9.6137505770e-01,-7.3273852468e-02,2.6259215625e+05
89,4.1257920265e+00,1.1153954268e-01,-4.0368549347e+01,9.6131861210e-01,-7.3141403496e-02,2.6268675000e+05
90,4.0603661537e+00,-1.1218267027e-03,-1.0163173676e+01,9.5102149248e-01,-7.2067573667e-02,2.6279212500e+05
91,3.7512116432e+00,3.3962965012e-02,6.1490631104e+01,9.5682185888e-01,-9.0232156217e-02,2.6290409375e+05
92,3.8195760250e+00,4.7296288610e-01,1.0535669708e+02,9.4597899914e-01,-9.8679877818e-02,2.6303831250e+05
93,4.4049096107e+00,3.4663417935e-01,5.8514701843e+01,9.4965672493e-01,-1.1537023634e-01,2.6317006250e+05
94,4.4854588509e+00,3.1297698617e-01,3.6458274841e+01,9.4242888689e-01,-1.3056404889e-01,2.6328875000e+05
95,4.5034537315e+00,3.3404538035e-01,-5.1853876114e+00,9.4810050726e-01,-1.2704999745e-01,2.6341793750e+05
96,4.4770746231e+00,3.4737634659e-01,-6.4403808594e+01,9.4078898430e-01,-1.3068638742e-01,2.6355878125e+05
97,4.4383468628e+00,3.5924878716e-01,-1.1799746704e+02,9.3675726652e-01,-1.4350028336e-01,2.6371065625e+05
98,4.3210444450e+00,3.6008647084e-01,-2.2007173157e+02,9.3918967247e-01,-1.2893824279e-01,2.6385078125e+05
99,4.2016854286e+00,2.6907131076e-01,-3.1384918213e+02,9.3990004063e-01,-1.2095259875e-01,2.6397971875e+05
100,4.0583939552e+00,1.1884546280e-01,-4.0161026001e+02,9.3279421329e-01,-1.0518495739e-01,2.6410253125e+05
101,3.8761343956e+00,-2.0137304068e-01,-4.5242825317e+02,9.4269341230e-01,-8.4922425449e-02,2.6420415625e+05
102,3.7377343178e+00,-6.1961525679e-01,-4.8483126831e+02,9.3807977438e-01,-5.9290718287e-02,2.6431037500e+05
103,3.6792306900e+00,-1.1065062284e+00,-5.3270355225e+02,9.4669836760e-01,-3.0503155664e-02,2.6438846875e+05
104,3.8465299606e+00,-1.0958322287e+00,-5.5790081787e+02,9.5123696327e-01,9.1053377837e-03,2.6446796875e+05
105,4.0574131012e+00,-1.1669121981e+00,-6.3631909180e+02,9.5343703032e-01,4.1424542665e-02,2.6452396875e+05
106,4.1857676506e+00,-1.2831599712e+00,-8.0339703369e+02,9.5265686512e-01,7.1223206818e-02,2.6458137500e+05
107,4.1733760834e+00,-1.4164047241e+00,-1.0934313965e+03,9.5230841637e-01,8.8702112436e-02,2.6462137500e+05
108,4.0364704132e+00,-1.5737071037e+00,-1.5181342773e+03,9.5488244295e-01,1.0847619921e-01,2.6467337500e+05
109,3.7626466751e+00,-1.6666101217e+00,-2.1727985840e+03,9.5953637362e-01,1.1581835151e-01,2.6470050000e+05
110,3.4038033485e+00,-1.0190956593e+00,-3.1954990234e+03,9.5693719387e-01,1.1514234543e-01,2.6472968750e+05
111,4.1672306061e+00,8.9916273952e-02,-3.7481606445e+03,9.6134382486e-01,1.0825832933e-01,2.6476175000e+05
112,4.2184934616e+00,7.7520203590e-01,-3.7554353027e+03,9.6754246950e-01,8.6215227842e-02,2.6478550000e+05
113,4.0933833122e+00,1.8758430481e+00,-3.2053103027e+03,9.6144771576e-01,5.9631407261e-02,2.6480075000e+05
114,4.2184052467e+00,2.2435626984e+00,-1.8975797119e+03,9.6566909552e-01,2.4381410331e-02,2.6480953125e+05
115,4.3603758812e+00,1.8639010191e+00,-1.1264820557e+03,9.8823463917e-01,-8.4456698969e-03,2.6482793750e+05
116,4.5876755714e+00,1.6211767197e+00,-9.0400927734e+02,9.7955560684e-01,-4.6961423010e-02,2.6484337500e+05
117,4.6429815292e+00,1.6015762091e+00,-8.3489819336e+02,9.9247336388e-01,-9.2913277447e-02,2.6487034375e+05
118,4.6784024239e+00,1.6080898046e+00,-8.7260394287e+02,9.9740529060e-01,-1.3413019478e-01,2.6490362500e+05
119,4.6916689873e+00,1.6838160753e+00,-1.0308050537e+03,1.0128436089e+00,-1.6548016667e-01,2.6490600000e+05
120,4.6297607422e+00,1.8050041199e+00,-1.3927222900e+03,1.0149890184e+00,-2.0654240251e-01,2.6490812500e+05
121,4.5136623383e+00,2.0042903423e+00,-2.0187844238e+03,1.0190525055e+00,-2.3192198575e-01,2.6490334375e+05
122,4.5491552353e+00,1.0817815065e+00,-2.9806647949e+03,1.0131919384e+00,-2.5596892834e-01,2.6489578125e+05
123,4.5195016861e+00,3.3411508799e-01,-3.7129160156e+03,1.0200788975e+00,-2.5760197639e-01,2.6490081250e+05
124,4.6491341591e+00,-6.3154345751e-01,-3.7598383789e+03,1.0130358934e+00,-2.5650423765e-01,2.6490856250e+05
125,4.7894644737e+00,-1.6403881311e+00,-3.3571406250e+03,1.0185257196e+00,-2.2863309085e-01,2.6491078125e+05
126,4.8322057724e+00,-2.3587470055e+00,-2.1925683594e+03,1.0148926973e+00,-2.0079553127e-01,2.6493187500e+05
127,4.6860737801e+00,-1.8760725260e+00,-1.2332185059e+03,1.0227682590e+00,-1.5563954413e-01,2.6497675000e+05
128,4.6598873138e+00,-1.6481157541e+00,-8.9356732178e+02,1.0109254122e+00,-1.2318696827e-01,2.6503381250e+05
129,4.6518154144e+00,-1.5742713213e+00,-7.3770471191e+02,1.0159714222e+00,-7.0770114660e-02,2.6512150000e+05
130,4.5993857384e+00,-1.5546641350e+00,-6.7820117188e+02,1.0026239157e+00,-5.2152341232e-03,2.6518625000e+05
131,4.5468707085e+00,-1.5586179495e+00,-7.1051678467e+02,1.0001696348e+00,3.7297230214e-02,2.6525593750e+05
132,4.4576015472e+00,-1.6452878714e+00,-8.4397149658e+02,1.0005074739e+00,9.8031930625e-02,2.6532506250e+05
133,4.3170518875e+00,-1.6962798834e+00,-1.1542003174e+03,9.9090754986e-01,1.2537795305e-01,2.6538268750e+05
134,4.0334272385e+00,-1.8300592899e+00,-1.6785567627e+03,9.9303066730e-01,1.6505828500e-01,2.6543259375e+05
135,3.7086226940e+00,-1.8772644997e+00,-2.5464885254e+03,9.9795180559e-01,1.9206453860e-01,2.6547896875e+05
136,3.3520424366e+00,-8.1586188078e-01,-3.9125383301e+03,1.0065498352e+00,1.9873487949e-01,2.6555509375e+05
137,4.0319099426e+00,1.2859013677e-01,-4.5806445312e+03,1.0092452765e+00,1.9855639338e-01,2.6566706250e+05
138,4.0168585777e+00,9.7387742996e-01,-4.5728046875e+03,1.0080434084e+00,1.7558045685e-01,2.6578121875e+05
139,3.8676419258e+00,2.0320346355e+00,-4.0721774902e+03,1.0149313211e+00,1.6151796281e-01,2.6587568750e+05
140,3.9103169441e+00,2.7238807678e+00,-2.6981547852e+03,1.0187382698e+00,1.2237489223e-01,2.6594678125e+05
141,4.2623949051e+00,2.4800989628e+00,-1.7560729980e+03,1.0350459814e+00,7.7029652894e-02,2.6596009375e+05
142,4.4602165222e+00,2.1694307327e+00,-1.3042342529e+03,1.0200067759e+00,1.0743033141e-02,2.6594765625e+05
143,4.5653066635e+00,2.0290784836e+00,-1.1672485352e+03,1.0361329317e+00,-4.2798336595e-02,2.6589834375e+05
144,4.7625441551e+00,2.0573668480e+00,-1.2102634277e+03,1.0389555693e+00,-9.3483135104e-02,2.6580984375e+05
145,4.7690682411e+00,2.1472237110e+00,-1.4761440430e+03,1.0456408262e+00,-1.4041092992e-01,2.6571168750e+05
146,4.7407894135e+00,2.3177011013e+00,-1.9947019043e+03,1.0474449396e+00,-1.9402664900e-01,2.6559540625e+05
147,4.8168044090e+00,2.5503745079e+00,-2.9202653809e+03,1.0316826105e+00,-2.1899624169e-01,2.6548625000e+05
148,5.0335516930e+00,8.2228493690e-01,-3.9050600586e+03,1.0509456396e+00,-2.2708259523e-01,2.6537015625e+05
149,5.0847587585e+00,3.8265354931e-02,-4.3772631836e+03,1.0331269503e+00,-2.3573614657e-01,2.6529393750e+05
150,5.2115349770e+00,-9.8851591349e-01,-4.3660698242e+03,1.0521174669e+00,-2.1505050361e-01,2.6523681250e+05
151,5.3856277466e+00,-1.8945183754e+00,-3.7598923340e+03,1.0393720865e+00,-1.8081235886e-01,2.6519618750e+05
152,5.3604912758e+00,-2.4091329575e+00,-2.7461259766e+03,1.0378016233e+00,-1.3796864450e-01,2.6514468750e+05
153,5.0763134956e+00,-1.9820475578e+00,-2.0143463135e+03,1.0287356377e+00,-7.1978345513e-02,2.6507431250e+05
154,4.9984722137e+00,-1.8927713633e+00,-1.5228660889e+03,1.0246117115e+00,-1.2013964355e-02,2.6499228125e+05
155,4.8679537773e+00,-1.9283381701e+00,-1.2836047363e+03,1.0277432203e+00,5.1399767399e-02,2.6488706250e+05
156,4.7502880096e+00,-1.9020482302e+00,-1.1403154297e+03,1.0296317339e+00,1.0505174845e-01,2.6476106250e+05
157,4.6557016373e+00,-1.8984755278e+00,-1.1110667725e+03,1.0317022800e+00,1.7201782763e-01,2.6465146875e+05
158,4.6116547585e+00,-2.0365667343e+00,-1.2845372314e+03,1.0351166725e+00,1.9832055271e-01,2.6456046875e+05
159,4.4424715042e+00,-2.1894044876e+00,-1.7475695801e+03,1.0437725782e+00,2.2810415924e-01,2.6449637500e+05
160,4.1310110092e+00,-2.4056563377e+00,-2.5482399902e+03,1.0549412966e+00,2.3614558578e-01,2.6445296875e+05
161,3.8824062347e+00,-2.0570471287e+00,-3.9504562988e+03,1.0630530119e+00,2.5471353531e-01,2.6442921875e+05
162,4.4813809395e+00,-7.4406045675e-01,-5.0384692383e+03,1.0712189674e+00,2.1646492183e-01,2.6447262500e+05
163,4.4799065590e+00,1.9783730805e-01,-5.4454389648e+03,1.0794730186e+00,1.7677491903e-01,2.6456587500e+05
164,4.5739994049e+00,1.0099422932e+00,-5.3257236328e+03,1.0697855949e+00,1.2150409073e-01,2.6471818750e+05
165,4.6438059807e+00,1.7658412457e+00,-4.7876279297e+03,1.0816720724e+00,7.2500027716e-02,2.6485775000e+05
166,4.6496081352e+00,2.7824916840e+00,-3.8180866699e+03,1.0691721439e+00,-2.5593421888e-03,2.6497515625e+05
167,4.5670704842e+00,2.6418159008e+00,-2.3511230469e+03,1.0759582520e+00,-5.5863764137e-02,2.6504390625e+05
168,4.6738419533e+00,2.1054458618e+00,-1.5759600830e+03,1.0584621429e+00,-1.2100002170e-01,2.6508815625e+05
169,4.6590089798e+00,2.1168553829e+00,-1.2137595215e+03,1.0572485924e+00,-1.6417680681e-01,2.6508750000e+05
170,4.6490592957e+00,2.1074385643e+00,-1.1201749268e+03,1.0630167723e+00,-2.0261919498e-01,2.6507512500e+05
171,4.5933928490e+00,2.1659584045e+00,-1.2537714844e+03,1.0542365313e+00,-2.0647655427e-01,2.6504593750e+05
172,4.5363163948e+00,2.3043317795e+00,-1.6879296875e+03,1.0734794140e+00,-2.3598937690e-01,2.6498331250e+05
173,4.4368963242e+00,2.4453358650e+00,-2.5177421875e+03,1.0654426813e+00,-2.2573520243e-01,2.6490971875e+05
174,4.2954826355e+00,1.9773503542e+00,-3.9448820801e+03,1.0797771215e+00,-1.9335727394e-01,2.6480853125e+05
175,4.6287994385e+00,8.4496337175e-01,-4.7948920898e+03,1.0853247643e+00,-1.3785272837e-01,2.6475287500e+05
176,4.8438496590e+00,-1.4261278510e-01,-5.2278071289e+03,1.0938360691e+00,-8.2918487489e-02,2.6472246875e+05
177,4.9691181183e+00,-1.0311882496e+00,-5.1278784180e+03,1.1012890339e+00,-3.1451918185e-02,2.6468387500e+05
178,5.0845708847e+00,-1.8713693619e+00,-4.4996025391e+03,1.1090768576e+00,5.6344885379e-02,2.6462578125e+05
179,5.1914253235e+00,-2.6661350727e+00,-3.2223410645e+03,1.1035813093e+00,1.0794530809e-01,2.6451531250e+05
180,5.0289325714e+00,-2.2383027077e+00,-2.0766325684e+03,1.1219986677e+00,1.7419898510e-01,2.6438559375e+05
181,4.8961462975e+00,-2.0845582485e+00,-1.5016114502e+03,1.1177959442e+00,2.2819851339e-01,2.6421459375e+05
182,4.8372478485e+00,-1.9730452299e+00,-1.1643142090e+03,1.1200925112e+00,2.6534116268e-01,2.6402462500e+05
183,4.7543745041e+00,-1.9093105793e+00,-1.0250823975e+03,1.1202576160e+00,2.9274305701e-01,2.6382728125e+05
184,4.6352977753e+00,-1.9534620047e+00,-1.0609965820e+03,1.1208540201e+00,2.8773722053e-01,2.6365090625e+05
185,4.4095635414e+00,-2.0828490257e+00,-1.3476695557e+03,1.1222923994e+00,2.6502054930e-01,2.6349234375e+05
186,4.2873892784e+00,-2.2687826157e+00,-1.9504272461e+03,1.1281756163e+00,2.1983163059e-01,2.6334831250e+05
187,3.9760360718e+00,-2.4405913353e+00,-3.0776496582e+03,1.1193051338e+00,1.5100379288e-01,2.6321387500e+05
188,4.2965431213e+00,-9.3291968107e-01,-4.2993520508e+03,1.1171696186e+00,6.1116337776e-02,2.6316856250e+05
189,4.1341066360e+00,-8.1941932440e-02,-4.9458164062e+03,1.1230374575e+00,-9.2951161787e-03,2.6320040625e+05
190,4.2334499359e+00,6.9298875332e-01,-5.0686997070e+03,1.1150532961e+00,-9.1740749776e-02,2.6326409375e+05
191,4.3790950775e+00,1.4393147230e+00,-4.6797514648e+03,1.1210926771e+00,-1.6748628020e-01,2.6335165625e+05
192,4.2382206917e+00,2.6572453976e+00,-3.7118991699e+03,1.1230702400e+00,-2.4723161757e-01,2.6342762500e+05
193,4.3451709747e+00,2.5648570061e+00,-2.2025583496e+03,1.1265574694e+00,-2.9668712616e-01,2.6350103125e+05
194,4.4426579475e+00,2.3945050240e+00,-1.4275635986e+03,1.1298248768e+00,-3.3052358031e-01,2.6352481250e+05
195,4.6217756271e+00,2.1503221989e+00,-1.1453377686e+03,1.1253957748e+00,-3.3969053626e-01,2.6353025000e+05
196,4.5593113899e+00,2.1395766735e+00,-1.0954145508e+03,1.1339529753e+00,-3.3111086488e-01,2.6353265625e+05
197,4.4766740799e+00,2.2720065117e+00,-1.3165361328e+03,1.1407301426e+00,-2.9845893383e-01,2.6352546875e+05
198,4.4736800194e+00,2.4073879719e+00,-1.9130982666e+03,1.1349649429e+00,-2.4418285489e-01,2.6351618750e+05
199,4.4711394310e+00,1.9928115606e+00,-3.1840913086e+03,1.1353025436e+00,-1.6109533608e-01,2.6350375000e+05
200,4.6531677246e+00,1.1993329525e+00,-4.0391982422e+03,1.1276203394e+00,-7.8974343836e-02,2.6346921875e+05
201,4.8256058693e+00,2.0980761945e-01,-4.7264741211e+03,1.1297740936e+00,1.8865494058e-02,2.6348350000e+05
202,5.0240721703e+00,-6.7073827982e-01,-4.8905268555e+03,1.1270338297e+00,1.0506154597e-01,2.6354259375e+05
203,5.0514688492e+00,-1.2970329523e+00,-4.4486850586e+03,1.1395574808e+00,1.8589520454e-01,2.6360484375e+05
204,5.1065969467e+00,-2.3483772278e+00,-3.7507648926e+03,1.1474418640e+00,2.6719164848e-01,2.6365900000e+05
205,4.9576258659e+00,-2.4933393002e+00,-2.4325183105e+03,1.1522891521e+00,3.1931594014e-01,2.6369368750e+05
206,4.8285474777e+00,-2.0133242607e+00,-1.6265195312e+03,1.1629679203e+00,3.5707816482e-01,2.6368706250e+05
207,4.7098679543e+00,-1.9017320871e+00,-1.2745943604e+03,1.1735800505e+00,3.5864832997e-01,2.6363521875e+05
208,4.6370310783e+00,-1.8632800579e+00,-1.1472287598e+03,1.1821107864e+00,3.2658666372e-01,2.6354596875e+05
209,4.5697679520e+00,-1.8933739662e+00,-1.1632553711e+03,1.1751116514e+00,2.7745145559e-01,2.6343521875e+05
210,4.3721566200e+00,-1.9357572794e+00,-1.4164790039e+03,1.1661607027e+00,2.0521245897e-01,2.6330359375e+05
211,4.1591401100e+00,-2.1434886456e+00,-1.9457752686e+03,1.1563705206e+00,1.1138111353e-01,2.6317903125e+05
212,3.7471575737e+00,-1.9401072264e+00,-2.9451394043e+03,1.1432493925e+00,4.2908852920e-03,2.6304740625e+05
213,4.0331130028e+00,-8.4655427933e-01,-3.9939350586e+03,1.1313374043e+00,-8.3400838077e-02,2.6290862500e+05
214,3.9258637428e+00,1.0076716542e-02,-4.6351743164e+03,1.1322201490e+00,-1.9467629492e-01,2.6280175000e+05
215,3.9998087883e+00,8.3009785414e-01,-4.6219956055e+03,1.1328725815e+00,-2.7002680302e-01,2.6275175000e+05
216,4.0951805115e+00,1.6054128408e+00,-4.3156718750e+03,1.1376804113e+00,-3.3476883173e-01,2.6274100000e+05
217,3.8521585464e+00,2.6570186615e+00,-3.2006291504e+03,1.1405261755e+00,-3.7870165706e-01,2.6273643750e+05
218,4.1852340698e+00,2.3777420521e+00,-2.1268908691e+03,1.1462700367e+00,-3.6560678482e-01,2.6273009375e+05
219,4.3640260696e+00,2.0122756958e+00,-1.5875876465e+03,1.1693435907e+00,-3.7073710561e-01,2.6271834375e+05
220,4.3659329414e+00,2.0605823994e+00,-1.3961968994e+03,1.1539946795e+00,-3.3183923364e-01,2.6268268750e+05
221,4.3240499496e+00,2.0779314041e+00,-1.4229595947e+03,1.1563848257e+00,-2.5973913074e-01,2.6265028125e+05
222,4.2627987862e+00,2.1276881695e+00,-1.7295822754e+03,1.1478426456e+00,-1.7897066474e-01,2.6261009375e+05
223,4.1304283142e+00,2.3351700306e+00,-2.4367868652e+03,1.1343071461e+00,-7.6187431812e-02,2.6258225000e+05
224,4.3774776459e+00,1.2811529636e+00,-3.5068395996e+03,1.1257743835e+00,2.3846874014e-02,2.6254743750e+05
225,4.3120117188e+00,6.7245715857e-01,-4.3342485352e+03,1.1377692223e+00,1.1965513229e-01,2.6251762500e+05
226,4.3925662041e+00,-3.1575506926e-01,-4.7152119141e+03,1.1459449530e+00,2.1935002506e-01,2.6252846875e+05
227,4.4745264053e+00,-1.1100951433e+00,-4.5120083008e+03,1.1503725052e+00,3.0551248789e-01,2.6258196875e+05
228,4.4463353157e+00,-2.0609581470e+00,-4.0240925293e+03,1.1614801884e+00,3.4821689129e-01,2.6268656250e+05
229,4.4497542381e+00,-2.5996325016e+00,-2.8038364258e+03,1.1675556898e+00,3.5618793964e-01,2.6279775000e+05
230,4.5547137260e+00,-2.3797230721e+00,-1.9222462158e+03,1.1790409088e+00,3.6339330673e-01,2.6287412500e+05
231,4.6121544838e+00,-2.1174142361e+00,-1.5192054443e+03,1.1752405167e+00,3.4853917360e-01,2.6296478125e+05
232,4.5555377007e+00,-2.1054298878e+00,-1.4626524658e+03,1.1876091957e+00,2.7721902728e-01,2.6299884375e+05
233,4.4968705177e+00,-2.1298699379e+00,-1.5945279541e+03,1.1719619036e+00,1.7777538300e-01,2.6299303125e+05
234,4.3237185478e+00,-2.3119084835e+00,-1.9505908203e+03,1.1646127701e+00,9.9328577518e-02,2.6295359375e+05
235,4.0477538109e+00,-2.2382879257e+00,-2.8124770508e+03,1.1531918049e+00,-5.5887363851e-03,2.6289671875e+05
236,4.3605709076e+00,-1.2784811258e+00,-3.7712854004e+03,1.1375353336e+00,-1.2008531392e-01,2.6282462500e+05
237,4.3140206337e+00,-1.3618879020e-01,-4.4010825195e+03,1.1294213533e+00,-2.1149237454e-01,2.6274706250e+05
238,4.4820141792e+00,5.8567136526e-01,-4.5422114258e+03,1.1327178478e+00,-2.8797963262e-01,2.6264006250e+05
239,4.5577049255e+00,1.2743961811e+00,-4.2570322266e+03,1.1399930716e+00,-3.3452042937e-01,2.6256603125e+05
240,4.5181565285e+00,2.5150384903e+00,-3.6054992676e+03,1.1536501646e+00,-3.7573713064e-01,2.6254787500e+05
241,4.5696954727e+00,2.5103392601e+00,-2.3703466797e+03,1.1706719398e+00,-3.7579360604e-01,2.6254259375e+05
242,4.5577988625e+00,2.2219290733e+00,-1.7193452148e+03,1.1722977161e+00,-3.5757404566e-01,2.6253971875e+05
243,4.6098961830e+00,1.9912612438e+00,-1.5292357178e+03,1.1795529127e+00,-3.1513494253e-01,2.6253918750e+05
244,4.4512481689e+00,2.0415129662e+00,-1.5262922363e+03,1.1719988585e+00,-2.4665242434e-01,2.6251200000e+05
245,4.4372434616e+00,2.0625343323e+00,-1.6759807129e+03,1.1571468115e+00,-1.5732626617e-01,2.6246831250e+05
246,4.1811437607e+00,2.1931736469e+00,-2.1730766602e+03,1.1546058655e+00,-6.6050514579e-02,2.6241696875e+05
247,4.0285482407e+00,1.7741470337e+00,-3.2694697266e+03,1.1447927952e+00,5.2730076015e-02,2.6236387500e+05
248,4.1822991371e+00,9.4040352106e-01,-3.9886369629e+03,1.1349669695e+00,1.5808875859e-01,2.6230265625e+05
249,4.3210730553e+00,6.3215158880e-02,-4.4734946289e+03,1.1493985653e+00,2.4936094880e-01,2.6223703125e+05
250,4.3497209549e+00,-8.1831878424e-01,-4.4927451172e+03,1.1588410139e+00,3.2587692142e-01,2.6217778125e+05
251,4.3443040848e+00,-1.3827899694e+00,-4.0922148438e+03,1.1766155958e+00,3.8073012233e-01,2.6216037500e+05
252,4.2495508194e+00,-2.6272885799e+00,-3.3294594727e+03,1.1957057714e+00,3.9740839601e-01,2.6221409375e+05
253,4.3822278976e+00,-2.3948693275e+00,-2.1926125488e+03,1.2086547613e+00,3.7775745988e-01,2.6225850000e+05
254,4.4542675018e+00,-2.1111631393e+00,-1.6493181152e+03,1.2147289515e+00,3.4945166111e-01,2.6230743750e+05
255,4.4842376709e+00,-2.0290539265e+00,-1.4844606934e+03,1.2041738033e+00,2.6904684305e-01,2.6236425000e+05
256,4.4461555481e+00,-2.1071133614e+00,-1.5167847900e+03,1.1942176819e+00,1.9836167991e-01,2.6239884375e+05
257,4.3029394150e+00,-2.2194442749e+00,-1.7918382568e+03,1.1890308857e+00,9.6464514732e-02,2.6239231250e+05
258,4.0488767624e+00,-2.3669815063e+00,-2.4618024902e+03,1.1728138924e+00,-2.0678840578e-02,2.6237425000e+05
259,4.3851575851e+00,-1.4232153893e+00,-3.4201274414e+03,1.1630232334e+00,-1.4151102304e-01,2.6234268750e+05
260,4.2412719727e+00,-5.1960110664e-01,-4.0986293945e+03,1.1624506712e+00,-2.6464268565e-01,2.6230318750e+05
261,4.4006919861e+00,3.6774903536e-01,-4.4628632812e+03,1.1757718325e+00,-3.4754815698e-01,2.6224175000e+05
262,4.3046298027e+00,1.1569210291e+00,-4.2661147461e+03,1.2002692223e+00,-4.1557282209e-01,2.6219384375e+05
263,4.3285651207e+00,2.0826032162e+00,-3.7250720215e+03,1.1998803616e+00,-4.6240216494e-01,2.6220709375e+05
264,4.3899254799e+00,2.5417249203e+00,-2.5715024414e+03,1.2184793949e+00,-4.6179035306e-01,2.6224646875e+05
265,4.5147762299e+00,2.3463208675e+00,-1.7950410156e+03,1.2197031975e+00,-4.3126454949e-01,2.6230493750e+05
266,4.5618143082e+00,2.0596654415e+00,-1.4829940186e+03,1.2253111601e+00,-3.6904188991e-01,2.6233871875e+05
267,4.4426751137e+00,2.0360198021e+00,-1.4789799805e+03,1.2151496410e+00,-2.9794830084e-01,2.6236221875e+05
268,4.4479465485e+00,2.1365356445e+00,-1.5990201416e+03,1.1953392029e+00,-2.0189855993e-01,2.6236315625e+05
269,4.3509774208e+00,2.2386176586e+00,-2.0837138672e+03,1.1681472063e+00,-8.1054814160e-02,2.6234681250e+05
270,4.4629440308e+00,1.4722359180e+00,-2.8714711914e+03,1.1603804827e+00,4.7706961632e-02,2.6229965625e+05
271,4.3310723305e+00,1.0297904015e+00,-3.6617055664e+03,1.1575194597e+00,1.5550346673e-01,2.6225175000e+05
272,4.4443674088e+00,4.0352225304e-02,-4.1669824219e+03,1.1664575338e+00,2.6552218199e-01,2.6218140625e+05
273,4.4933156967e+00,-8.0547744036e-01,-4.1704858398e+03,1.1836907864e+00,3.5220724344e-01,2.6209542188e+05
274,4.4777679443e+00,-1.5995486975e+00,-3.7759726562e+03,1.2061543465e+00,4.0851497650e-01,2.6205975000e+05
275,4.3813557625e+00,-2.4683496952e+00,-2.8168288574e+03,1.2269465923e+00,4.3617528677e-01,2.6206765625e+05
276,4.5712060928e+00,-2.2459285259e+00,-1.9183881836e+03,1.2257298231e+00,4.2771336436e-01,2.6212050000e+05
277,4.5421910286e+00,-1.8565330505e+00,-1.4591284180e+03,1.2420246601e+00,3.9571049809e-01,2.6216621875e+05
278,4.5508375168e+00,-1.7970664501e+00,-1.2979617920e+03,1.2274034023e+00,3.2528984547e-01,2.6222268750e+05
279,4.4455671310e+00,-1.8235340118e+00,-1.2745631104e+03,1.2200375795e+00,2.3647142947e-01,2.6223925000e+05
280,4.2952537537e+00,-1.8772928715e+00,-1.3719165039e+03,1.2086521387e+00,1.2896004319e-01,2.6221946875e+05
281,4.0022883415e+00,-1.9301503897e+00,-1.7370550537e+03,1.1827585697e+00,5.1056635566e-03,2.6221137500e+05
282,3.6089885235e+00,-1.9157667160e+00,-2.4616191406e+03,1.1744470596e+00,-1.1874328554e-01,2.6218793750e+05
283,4.0373921394e+00,-8.6223399639e-01,-3.2248110352e+03,1.1668772697e+00,-2.1530038118e-01,2.6215393750e+05
284,3.6801722050e+00,5.2550315857e-02,-3.6994804688e+03,1.1932746172e+00,-3.1544530392e-01,2.6208528125e+05
285,3.8337168694e+00,8.5044252872e-01,-3.7590903320e+03,1.2080938816e+00,-3.8157081604e-01,2.6203800000e+05
286,3.8965127468e+00,1.6772593260e+00,-3.5374404297e+03,1.2214012146e+00,-4.1099256277e-01,2.6206578125e+05
287,3.7802455425e+00,2.4789381027e+00,-2.5681503906e+03,1.2359793186e+00,-4.1569656134e-01,2.6212415625e+05
288,4.1852674484e+00,2.2691953182e+00,-1.8651871338e+03,1.2388097048e+00,-3.9491689205e-01,2.6219106250e+05
289,4.3448457718e+00,2.0882117748e+00,-1.5344176025e+03,1.2324353456e+00,-3.4694987535e-01,2.6225418750e+05
290,4.3449568748e+00,1.9792612791e+00,-1.4722747803e+03,1.2174866199e+00,-2.6642948389e-01,2.6230403125e+05
291,4.3176465034e+00,2.0005681515e+00,-1.5719298096e+03,1.1938319206e+00,-1.5094465017e-01,2.6232965625e+05
292,4.2125830650e+00,2.0942790508e+00,-1.9017653809e+03,1.1844551563e+00,-3.8484111428e-02,2.6231871875e+05
293,3.8420877457e+00,2.2076356411e+00,-2.6158398438e+03,1.1827733517e+00,9.4434045255e-02,2.6229662500e+05
294,4.2405571938e+00,1.0042532682e+00,-3.5894409180e+03,1.1931437254e+00,2.0824122429e-01,2.6226800000e+05
295,4.0898108482e+00,3.2054597139e-01,-4.1150996094e+03,1.1956882477e+00,3.1709522009e-01,2.6221609375e+05
296,4.2518515587e+00,-5.2894937992e-01,-4.3138549805e+03,1.1951464415e+00,3.9180490375e-01,2.6216321875e+05
297,4.3025808334e+00,-1.2187427282e+00,-4.0996440430e+03,1.2331790924e+00,4.5369726419e-01,2.6215309375e+05
298,4.1974582672e+00,-2.3322901726e+00,-3.4543488770e+03,1.2332092524e+00,4.6611362696e-01,2.6220293750e+05
299,4.2926993370e+00,-2.3906140327e+00,-2.3277636719e+03,1.2358288765e+00,4.4461107254e-01,2.6225865625e+05
300,4.4116959572e+00,-2.1277594566e+00,-1.6924454346e+03,1.2421226501e+00,3.9967504144e-01,2.6231534375e+05
301,4.4521017075e+00,-2.0631272793e+00,-1.4802852783e+03,1.2365214825e+00,3.2571852207e-01,2.6235693750e+05
302,4.4331002235e+00,-2.0092377663e+00,-1.4529008789e+03,1.2117644548e+00,2.4212647974e-01,2.6237990625e+05
303,4.2555813789e+00,-2.0521831512e+00,-1.6262951660e+03,1.1923327446e+00,1.2455584854e-01,2.6234790625e+05
304,4.0345616341e+00,-2.1958146095e+00,-2.1098085938e+03,1.1696152687e+00,8.0482419580e-03,2.6230275000e+05
305,4.0351796150e+00,-1.3662501574e+00,-3.1058505859e+03,1.1619898081e+00,-1.1869946867e-01,2.6225634375e+05
306,4.0676560402e+00,-7.3925137520e-01,-3.7642922363e+03,1.1681104898e+00,-2.2539539635e-01,2.6219921875e+05
307,4.1692261696e+00,7.4591360986e-02,-4.1381508789e+03,1.1832492352e+00,-3.3166593313e-01,2.6212064062e+05
308,4.2044038773e+00,9.5245879889e-01,-4.0447641602e+03,1.2014267445e+00,-3.9150589705e-01,2.6206631250e+05
309,4.1838436127e+00,1.6329977512e+00,-3.6972832031e+03,1.2121447325e+00,-4.3250966072e-01,2.6205437500e+05
310,4.0276756287e+00,2.6911959648e+00,-2.7229902344e+03,1.2166764736e+00,-4.4832360744e-01,2.6206775000e+05
311,4.3605875969e+00,2.3901321888e+00,-1.8825195312e+03,1.2430396080e+00,-4.0953212976e-01,2.6211079688e+05
312,4.4451489449e+00,2.0374345779e+00,-1.5216728516e+03,1.2376765013e+00,-3.4858152270e-01,2.6217925000e+05
313,4.3448381424e+00,2.0622031689e+00,-1.4233275146e+03,1.2247488499e+00,-2.6131984591e-01,2.6223862500e+05
314,4.2719793320e+00,2.0230960846e+00,-1.5816047363e+03,1.2014428377e+00,-1.3687382638e-01,2.6228165625e+05
315,4.1287221909e+00,2.1191093922e+00,-1.9187299805e+03,1.1996603012e+00,-1.2654100545e-02,2.6228290625e+05
316,3.8266932964e+00,2.1082990170e+00,-2.7916718750e+03,1.1799618006e+00,1.1741838604e-01,2.6226590625e+05
317,4.2677435875e+00,1.0378500223e+00,-3.6329038086e+03,1.1862832308e+00,2.1993878484e-01,2.6224521875e+05
318,4.2488784790e+00,2.9056861997e-01,-4.1772250977e+03,1.1882544756e+00,3.1196710467e-01,2.6222221875e+05
319,4.2825250626e+00,-5.2809768915e-01,-4.3303320312e+03,1.2157108784e+00,4.0377667546e-01,2.6218409375e+05
320,4.2385516167e+00,-1.1791667938e+00,-4.0142580566e+03,1.2306642532e+00,4.3836832047e-01,2.6216115625e+05
321,4.2112426758e+00,-2.3426182270e+00,-3.4735209961e+03,1.2454743385e+00,4.4970181584e-01,2.6219671875e+05
322,4.2780146599e+00,-2.3295607567e+00,-2.3335717773e+03,1.2702434063e+00,4.3773427606e-01,2.6226806250e+05
323,4.3925771713e+00,-2.1405994892e+00,-1.7092978516e+03,1.2581962347e+00,3.6425042152e-01,2.6235290625e+05
324,4.4265685081e+00,-1.9593278170e+00,-1.4754320068e+03,1.2583798170e+00,2.8507664800e-01,2.6241946875e+05
325,4.3964762688e+00,-1.9712476730e+00,-1.4875214844e+03,1.2257621288e+00,1.9521330297e-01,2.6248425000e+05
326,4.2901353836e+00,-2.0799140930e+00,-1.6497727051e+03,1.1931250095e+00,8.4125190973e-02,2.6250581250e+05
327,3.9928879738e+00,-2.2057890892e+00,-2.1023950195e+03,1.1866389513e+00,-4.9177471548e-02,2.6249371875e+05
328,3.8677306175e+00,-1.4652396441e+00,-3.0604304199e+03,1.1895964146e+00,-1.6898074746e-01,2.6244987500e+05
329,4.0179085732e+00,-8.9410424232e-01,-3.7281115723e+03,1.1949067116e+00,-2.7289515734e-01,2.6239537500e+05
330,4.1005759239e+00,1.1877964437e-01,-4.1156240234e+03,1.2041505575e+00,-3.6982694268e-01,2.6232921875e+05
331,4.0949549675e+00,9.6979385614e-01,-4.0859746094e+03,1.2292231321e+00,-4.3770885468e-01,2.6224768750e+05
332,4.2096662521e+00,1.6873440742e+00,-3.6631953125e+03,1.2336030006e+00,-4.7744542360e-01,2.6220687500e+05
333,4.0974416733e+00,2.5866327286e+00,-2.7069699707e+03,1.2527934313e+00,-4.6433839202e-01,2.6221815625e+05
334,4.3213806152e+00,2.3210940361e+00,-1.9531522217e+03,1.2471547127e+00,-4.3355840445e-01,2.6223781250e+05
335,4.4183311462e+00,2.0756249428e+00,-1.5970046387e+03,1.2350046635e+00,-3.6646628380e-01,2.6226690625e+05
336,4.4015312195e+00,2.0286865234e+00,-1.5186900635e+03,1.2164905071e+00,-2.8128507733e-01,2.6228237500e+05
337,4.3697462082e+00,2.0418202877e+00,-1.6360241699e+03,1.1891590357e+00,-1.6902199388e-01,2.6228106250e+05
338,4.2004294395e+00,2.1250531673e+00,-1.9773815918e+03,1.1895503998e+00,-4.6641469002e-02,2.6222621875e+05
339,3.9111671448e+00,2.0420286655e+00,-2.8483745117e+03,1.1793104410e+00,8.6298562586e-02,2.6218209375e+05
340,4.1933383942e+00,1.0321025848e+00,-3.6179160156e+03,1.1970489025e+00,1.9602176547e-01,2.6214228125e+05
341,4.2030873299e+00,1.9265738130e-01,-4.1081132812e+03,1.2042286396e+00,3.0009949207e-01,2.6207693750e+05
342,4.2448892593e+00,-6.4028477669e-01,-4.2679736328e+03,1.2134286165e+00,3.8929730654e-01,2.6203423438e+05
343,4.2535943985e+00,-1.2958896160e+00,-3.8846655273e+03,1.2269051075e+00,4.3722054362e-01,2.6199326562e+05
344,4.1193652153e+00,-2.4323379993e+00,-3.2731716309e+03,1.2385587692e+00,4.4157853723e-01,2.6202521875e+05
345,4.3000783920e+00,-2.3592944145e+00,-2.1638039551e+03,1.2509557009e+00,4.4658160210e-01,2.6208337500e+05
346,4.3404493332e+00,-2.0020785332e+00,-1.5940692139e+03,1.2459425926e+00,4.0317174792e-01,2.6216184375e+05
347,4.3728075027e+00,-1.8869413137e+00,-1.4427453613e+03,1.2371845245e+00,3.3870154619e-01,2.6224265625e+05
348,4.3937664032e+00,-1.9310626984e+00,-1.4459445801e+03,1.2171378136e+00,2.3888410628e-01,2.6231681250e+05
349,4.2276148796e+00,-2.0390098095e+00,-1.6663458252e+03,1.1949476004e+00,1.2501220405e-01,2.6233021875e+05
350,4.0161590576e+00,-2.1609697342e+00,-2.1422294922e+03,1.1779356003e+00,-3.8813799620e-03,2.6231912500e+05
351,3.7872474194e+00,-1.2725864649e+00,-3.1247260742e+03,1.1656938791e+00,-1.3652336597e-01,2.6228959375e+05
352,4.0325393677e+00,-6.9972622395e-01,-3.7707561035e+03,1.1644570827e+00,-2.4041733146e-01,2.6226968750e+05
353,4.1645774841e+00,1.7737030983e-01,-4.1294682617e+03,1.1887859106e+00,-3.4201696515e-01,2.6221900000e+05
354,4.2136092186e+00,9.2833238840e-01,-4.0883249512e+03,1.2011165619e+00,-4.0807133913e-01,2.6216996875e+05
355,4.2241044044e+00,1.6648029089e+00,-3.7904519043e+03,1.2110536098e+00,-4.5786923170e-01,2.6216937500e+05
356,4.0351309776e+00,2.6143686771e+00,-2.7393710938e+03,1.2200788260e+00,-4.6241065860e-01,2.6220650000e+05
357,4.3004598618e+00,2.3607280254e+00,-1.9286370850e+03,1.2325215340e+00,-4.3174874783e-01,2.6226884375e+05
358,4.4110636711e+00,1.9701696634e+00,-1.5324072266e+03,1.2345799208e+00,-3.7688282132e-01,2.6231759375e+05
359,4.4591875076e+00,1.9497476816e+00,-1.4416799316e+03,1.2164416313e+00,-2.9908207059e-01,2.6237003125e+05
360,4.3493347168e+00,2.0353262424e+00,-1.5400362549e+03,1.1950056553e+00,-1.9376307726e-01,2.6238687500e+05
361,4.0697169304e+00,2.0504813194e+00,-1.8459141846e+03,1.1794749498e+00,-5.4633915424e-02,2.6235362500e+05
362,3.8694574833e+00,1.9574390650e+00,-2.6102951660e+03,1.1753462553e+00,5.1895894110e-02,2.6231175000e+05
363,4.0691905022e+00,1.1001735926e+00,-3.4092224121e+03,1.1772909164e+00,1.6879165173e-01,2.6226628125e+05
364,4.0132236481e+00,3.3236694336e-01,-3.9304345703e+03,1.1808968782e+00,2.8494367003e-01,2.6222396875e+05
365,4.0935244560e+00,-6.2690252066e-01,-4.2150654297e+03,1.2047554255e+00,3.8738119602e-01,2.6217400000e+05
366,4.0345959663e+00,-1.2952810526e+00,-3.8433537598e+03,1.2188686132e+00,4.4173258543e-01,2.6212979688e+05
367,4.1523079872e+00,-2.2879273891e+00,-3.2571540527e+03,1.2433953285e+00,4.7608697414e-01,2.6214571875e+05
368,4.2249178886e+00,-2.3380730152e+00,-2.2623640137e+03,1.2573957443e+00,4.8734450340e-01,2.6218818750e+05
369,4.4067149162e+00,-2.1804773808e+00,-1.7469086914e+03,1.2576084137e+00,4.4766402245e-01,2.6224959375e+05
370,4.4123592377e+00,-2.1429896355e+00,-1.5653256836e+03,1.2503263950e+00,3.8210335374e-01,2.6232175000e+05
371,4.4300246239e+00,-2.1399660110e+00,-1.5955532227e+03,1.2402050495e+00,2.8777986765e-01,2.6235512500e+05
372,4.3146991730e+00,-2.3150508404e+00,-1.8819033203e+03,1.2076324224e+00,1.8214894831e-01,2.6236150000e+05
373,4.0208234787e+00,-2.2955269814e+00,-2.4996184082e+03,1.1902391911e+00,4.2064972222e-02,2.6233575000e+05
374,4.2905750275e+00,-1.4169604778e+00,-3.4218337402e+03,1.1750293970e+00,-7.5418092310e-02,2.6231637500e+05
375,4.3180046082e+00,-4.7826468945e-01,-4.0211308594e+03,1.1809155941e+00,-1.9339719415e-01,2.6227375000e+05
376,4.4459795952e+00,3.3213585615e-01,-4.2641987305e+03,1.1822290421e+00,-2.9737123847e-01,2.6221087500e+05
377,4.3750028610e+00,1.1325285435e+00,-4.0571677246e+03,1.1943619251e+00,-3.8556042314e-01,2.6214793750e+05
378,4.3552942276e+00,2.0447404385e+00,-3.6001235352e+03,1.2162759304e+00,-4.5256957412e-01,2.6213807812e+05
379,4.4116678238e+00,2.4902815819e+00,-2.4538713379e+03,1.2245934010e+00,-4.7842890024e-01,2.6215637500e+05
380,4.4764981270e+00,2.2452945709e+00,-1.7284580078e+03,1.2460861206e+00,-4.6843323112e-01,2.6220468750e+05
381,4.5142774582e+00,1.9774255753e+00,-1.4664967041e+03,1.2406500578e+00,-4.3130794168e-01,2.6226118750e+05
382,4.5012226105e+00,1.9739911556e+00,-1.4658941650e+03,1.2383444309e+00,-3.6127975583e-01,2.6231996875e+05
383,4.3767647743e+00,2.0570073128e+00,-1.5873504639e+03,1.2287807465e+00,-2.6033931971e-01,2.6233165625e+05
384,4.1595702171e+00,2.1034495831e+00,-2.0205364990e+03,1.2045288086e+00,-1.3282682002e-01,2.6232643750e+05
385,3.8817989826e+00,1.8470621109e+00,-2.9085322266e+03,1.1929223537e+00,-1.0871027596e-02,2.6229668750e+05
386,4.0752592087e+00,9.3594145775e-01,-3.5728471680e+03,1.1782133579e+00,1.2510477006e-01,2.6226696875e+05
387,4.1268334389e+00,1.0013867915e-01,-4.0047307129e+03,1.1814706326e+00,2.4043491483e-01,2.6222843750e+05
388,4.2627592087e+00,-8.0491280556e-01,-4.0159816895e+03,1.1831605434e+00,3.5902243853e-01,2.6217506250e+05
389,4.2688217163e+00,-1.4277036190e+00,-3.5932734375e+03,1.1914534569e+00,4.3762460351e-01,2.6213787500e+05
390,4.2150816917e+00,-2.5484664440e+00,-2.8181267090e+03,1.2209972143e+00,4.8975065351e-01,2.6213206250e+05
391,4.3442716599e+00,-2.2172930241e+00,-1.8989879150e+03,1.2341768742e+00,4.9848303199e-01,2.6215856250e+05
392,4.4636788368e+00,-1.9722446203e+00,-1.4728540039e+03,1.2499949932e+00,4.5890998840e-01,2.6222237500e+05
393,4.4892530441e+00,-1.8933786154e+00,-1.3593981934e+03,1.2601456642e+00,4.0447142720e-01,2.6228178125e+05
394,4.4736819267e+00,-1.9546433687e+00,-1.4391685791e+03,1.2335798740e+00,3.0068981647e-01,2.6233056250e+05
395,4.2840528488e+00,-2.1642024517e+00,-1.6904926758e+03,1.2258623838e+00,2.0246997476e-01,2.6234171875e+05
396,4.0429749489e+00,-2.2678925991e+00,-2.2877587891e+03,1.1919842958e+00,6.2457416207e-02,2.6233740625e+05
397,4.3011112213e+00,-1.2835243940e+00,-3.1963356934e+03,1.1796499491e+00,-8.1465229392e-02,2.6230321875e+05
398,4.1726012230e+00,-5.2447491884e-01,-3.8782961426e+03,1.1770801544e+00,-2.1010005474e-01,2.6227718750e+05
399,4.2837772369e+00,3.0614939332e-01,-4.1610439453e+03,1.1916705370e+00,-3.2205215096e-01,2.6223309375e+05
400,4.2354769707e+00,1.1218008995e+00,-3.9937517090e+03,1.1939831972e+00,-4.0735426545e-01,2.6218300000e+05
401,4.2029795647e+00,2.0201961994e+00,-3.5414077148e+03,1.2180387974e+00,-4.6298202872e-01,2.6219100000e+05
402,4.2097706795e+00,2.4067339897e+00,-2.3763452148e+03,1.2337408066e+00,-4.6612539887e-01,2.6223287500e+05
403,4.4290823936e+00,2.3165717125e+00,-1.7209869385e+03,1.2471572161e+00,-4.5140725374e-01,2.6227556250e+05
404,4.5117230415e+00,1.9874999523e+00,-1.4327578125e+03,1.2404918671e+00,-3.9776435494e-01,2.6234078125e+05
405,4.4318346977e+00,1.9769923687e+00,-1.3852092285e+03,1.2505905628e+00,-3.2480335236e-01,2.6237153125e+05
406,4.4158720970e+00,1.9068120718e+00,-1.4825985107e+03,1.2169952393e+00,-2.1142700315e-01,2.6236768750e+05
407,4.1728124619e+00,2.0340669155e+00,-1.8186336670e+03,1.1936168671e+00,-8.6229093373e-02,2.6236703125e+05
408,3.8875718117e+00,2.0770156384e+00,-2.6094208984e+03,1.1911553144e+00,4.2468942702e-02,2.6232531250e+05
409,4.1993808746e+00,1.1089547873e+00,-3.5085261230e+03,1.1823489666e+00,1.7175747454e-01,2.6229237500e+05
410,4.1347575188e+00,3.8517093658e-01,-4.0982319336e+03,1.1835743189e+00,2.7188718319e-01,2.6222990625e+05
411,4.2742924690e+00,-5.1428043842e-01,-4.3517241211e+03,1.1951566935e+00,3.5779947042e-01,2.6215225000e+05
412,4.2320833206e+00,-1.2381879091e+00,-4.0221994629e+03,1.2285879850e+00,4.1556531191e-01,2.6210739062e+05
413,4.2681536674e+00,-2.1310236454e+00,-3.4622595215e+03,1.2369177341e+00,4.4187992811e-01,2.6212428125e+05
414,4.3042001724e+00,-2.2682445049e+00,-2.3547534180e+03,1.2451812029e+00,4.2965474725e-01,2.6216965625e+05
415,4.4636921883e+00,-2.1218190193e+00,-1.7160198975e+03,1.2527990341e+00,3.9346539974e-01,2.6222031250e+05
416,4.5092401505e+00,-1.8446090221e+00,-1.4015344238e+03,1.2378350496e+00,3.1490999460e-01,2.6227990625e+05
417,4.4014549255e+00,-1.8215441704e+00,-1.3106394043e+03,1.2189270258e+00,2.3154431581e-01,2.6229984375e+05
418,4.2713379860e+00,-1.9512398243e+00,-1.3249157715e+03,1.1897497177e+00,1.1721997708e-01,2.6230275000e+05
419,4.0871014595e+00,-1.9189932346e+00,-1.5203465576e+03,1.1802314520e+00,-1.5753449872e-02,2.6227365625e+05
420,3.7752890587e+00,-1.9359890223e+00,-1.9916411133e+03,1.1759347916e+00,-1.2968800962e-01,2.6225087500e+05
421,3.3998575211e+00,-1.3964749575e+00,-2.9229138184e+03,1.1846839190e+00,-2.3085676134e-01,2.6220868750e+05
422,3.8152613640e+00,-5.4529017210e-01,-3.6904335938e+03,1.1852144003e+00,-3.2436490059e-01,2.6216684375e+05
423,3.7181189060e+00,3.0141559243e-01,-3.9345312500e+03,1.2105562687e+00,-3.9831829071e-01,2.6212303125e+05
424,3.8635838032e+00,9.7907644510e-01,-3.8548334961e+03,1.2268522978e+00,-4.2268046737e-01,2.6213625000e+05
425,3.6852285862e+00,1.9887121916e+00,-3.4780356445e+03,1.2416044474e+00,-4.2889529467e-01,2.6218806250e+05
426,3.7110750675e+00,2.4208090305e+00,-2.4128056641e+03,1.2354129553e+00,-4.1944581270e-01,2.6225381250e+05
427,4.0086193085e+00,2.3097455502e+00,-1.7597025146e+03,1.2357220650e+00,-3.5004884005e-01,2.6230800000e+05
428,4.2343940735e+00,2.0417177677e+00,-1.5066542969e+03,1.2060246468e+00,-2.7050060034e-01,2.6234993750e+05
429,4.2105116844e+00,2.0098872185e+00,-1.4685036621e+03,1.1899297237e+00,-1.5571720898e-01,2.6236475000e+05
430,4.2129316330e+00,1.9420690536e+00,-1.5928687744e+03,1.1739695072e+00,-3.7281833589e-02,2.6234193750e+05
431,3.9205794334e+00,2.0020468235e+00,-1.9577836914e+03,1.1803511381e+00,8.1770695746e-02,2.6229487500e+05
432,3.5796322823e+00,2.0223093033e+00,-2.7545290527e+03,1.1894147396e+00,1.9829253852e-01,2.6225534375e+05
433,4.0323395729e+00,8.2398724556e-01,-3.6213916016e+03,1.1947739124e+00,3.0891293287e-01,2.6220281250e+05
434,3.7716624737e+00,1.8671554327e-01,-4.1759355469e+03,1.2244007587e+00,3.9209821820e-01,2.6214015625e+05
435,3.9389595985e+00,-7.6856762171e-01,-4.2894501953e+03,1.2199337482e+00,4.4980439544e-01,2.6210976562e+05
436,3.9938254356e+00,-1.3776422739e+00,-3.9505852051e+03,1.2482435703e+00,4.6910279989e-01,2.6211100000e+05
437,3.8200895786e+00,-2.5706524849e+00,-3.2768591309e+03,1.2398270369e+00,4.7533017397e-01,2.6216359375e+05
438,4.1615667343e+00,-2.4038300514e+00,-2.2434533691e+03,1.2398370504e+00,4.2638444901e-01,2.6223737500e+05
439,4.3074173927e+00,-2.2186632156e+00,-1.7669237061e+03,1.2330806255e+00,3.6104995012e-01,2.6230675000e+05
440,4.3794631958e+00,-2.1738660336e+00,-1.6335085449e+03,1.2071827650e+00,2.6959288120e-01,2.6234931250e+05
441,4.2945594788e+00,-2.3234050274e+00,-1.7865522461e+03,1.1823409796e+00,1.5638323128e-01,2.6235950000e+05
442,4.2267827988e+00,-2.4618160725e+00,-2.2416306152e+03,1.1754727364e+00,2.0492121577e-02,2.6231981250e+05
443,4.3295660019e+00,-1.6820216179e+00,-3.0765759277e+03,1.1675847769e+00,-9.5535933971e-02,2.6227387500e+05
444,4.3885850906e+00,-9.0358984470e-01,-3.7780891113e+03,1.1738561392e+00,-2.1975012124e-01,2.6221931250e+05
445,4.5498828888e+00,-8.7178185582e-02,-4.1703198242e+03,1.1924030781e+00,-3.3088302612e-01,2.6215325000e+05
446,4.5531482697e+00,7.5324285030e-01,-4.2176430664e+03,1.2024115324e+00,-4.3575912714e-01,2.6208703125e+05
447,4.4980382919e+00,1.4679701328e+00,-3.7361708984e+03,1.2105600834e+00,-4.8083963990e-01,2.6202946875e+05
448,4.4576721191e+00,2.6740012169e+00,-2.9201665039e+03,1.2263697386e+00,-5.1237678528e-01,2.6202126562e+05
449,4.4632549286e+00,2.3930051327e+00,-1.9352502441e+03,1.2384489775e+00,-4.9511367083e-01,2.6205760938e+05
450,4.6221265793e+00,2.0667624474e+00,-1.5054743652e+03,1.2244899273e+00,-4.4876521826e-01,2.6212006250e+05
451,4.6703190804e+00,1.9869753122e+00,-1.3960291748e+03,1.2236629725e+00,-3.8362562656e-01,2.6219481250e+05
452,4.5558280945e+00,2.0787994862e+00,-1.5359584961e+03,1.2100042105e+00,-2.9755589366e-01,2.6225553125e+05
453,4.3823747635e+00,2.1628165245e+00,-1.9167424316e+03,1.1906515360e+00,-1.7327332497e-01,2.6229275000e+05
454,4.4266481400e+00,1.6850517988e+00,-2.6865666504e+03,1.1661033630e+00,-3.1387954950e-02,2.6228928125e+05
455,4.3991088867e+00,1.0785665512e+00,-3.4517736816e+03,1.1643556356e+00,8.0978445709e-02,2.6227656250e+05
456,4.4074444771e+00,1.4770010114e-01,-3.9498662109e+03,1.1606239080e+00,2.0666043460e-01,2.6225168750e+05
457,4.4253621101e+00,-6.9051969051e-01,-3.9155158691e+03,1.1660653353e+00,3.2382607460e-01,2.6222356250e+05
458,4.4471063614e+00,-1.3187254667e+00,-3.4959008789e+03,1.1951528788e+00,4.2295125127e-01,2.6216834375e+05
459,4.3598189354e+00,-2.5104520321e+00,-2.7453081055e+03,1.1978489161e+00,4.7272738814e-01,2.6213342188e+05
460,4.4382400513e+00,-2.1546347141e+00,-1.7939943848e+03,1.2212340832e+00,4.8971495032e-01,2.6214250000e+05
461,4.5032162666e+00,-1.8769607544e+00,-1.4228449707e+03,1.2252157927e+00,4.8138010502e-01,2.6219409375e+05
462,4.5400953293e+00,-1.8405622244e+00,-1.3056701660e+03,1.2325012684e+00,4.3322727084e-01,2.6225031250e+05
463,4.4674196243e+00,-1.9278291464e+00,-1.3468547363e+03,1.2203340530e+00,3.7413257360e-01,2.6229934375e+05
464,4.2967782021e+00,-1.9625004530e+00,-1.5569268799e+03,1.2091199160e+00,2.7014717460e-01,2.6232940625e+05
465,4.0418400764e+00,-2.0577185154e+00,-2.0030379639e+03,1.2027523518e+00,1.6298709810e-01,2.6233678125e+05
466,3.8965926170e+00,-1.3358099461e+00,-2.9093896484e+03,1.1642293930e+00,3.9026625454e-02,2.6232875000e+05
467,3.8898539543e+00,-7.2632342577e-01,-3.5294121094e+03,1.1565784216e+00,-9.3308590353e-02,2.6229712500e+05
468,3.8860986233e+00,2.3091498017e-01,-3.9372517090e+03,1.1505815983e+00,-1.9839702547e-01,2.6223718750e+05
469,3.9606599808e+00,1.0199991465e+00,-3.8474008789e+03,1.1554247141e+00,-2.8917908669e-01,2.6216693750e+05
470,4.0365357399e+00,1.7256000042e+00,-3.4823925781e+03,1.1708332300e+00,-3.7422242761e-01,2.6212507812e+05
471,3.9481570721e+00,2.5121338367e+00,-2.5094575195e+03,1.1773051023e+00,-4.3043437600e-01,2.6212231250e+05
472,4.1952672005e+00,2.2481269836e+00,-1.8220895996e+03,1.1971812248e+00,-4.3746116757e-01,2.6213337500e+05
473,4.3421921730e+00,1.9415495396e+00,-1.5624278564e+03,1.1942176819e+00,-4.1950061917e-01,2.6216271875e+05
474,4.4065485001e+00,1.9507251978e+00,-1.5594291992e+03,1.2123013735e+00,-3.8565650582e-01,2.6218437500e+05
475,4.3369660378e+00,1.9857277870e+00,-1.6943974609e+03,1.1909285784e+00,-3.2198917866e-01,2.6217431250e+05
476,4.1510243416e+00,2.1495609283e+00,-2.1395454102e+03,1.1779731512e+00,-2.2437970340e-01,2.6214968750e+05
477,3.9961864948e+00,2.0159535408e+00,-2.9862731934e+03,1.1428681612e+00,-1.0528443009e-01,2.6212050000e+05
478,4.2354335785e+00,1.0568528175e+00,-3.7561958008e+03,1.1441028118e+00,5.1069008186e-03,2.6206610938e+05
479,4.3483500481e+00,1.2286518514e-01,-4.3182084961e+03,1.1434727907e+00,1.1405181885e-01,2.6200732812e+05
480,4.4111886024e+00,-7.4616760015e-01,-4.3357290039e+03,1.1533157825e+00,2.0386323333e-01,2.6191870312e+05
481,4.3872036934e+00,-1.3313511610e+00,-3.9257973633e+03,1.1728889942e+00,3.0385619402e-01,2.6188001562e+05
482,4.3411154747e+00,-2.5161774158e+00,-3.1575759277e+03,1.1846359968e+00,3.6007168889e-01,2.6189046875e+05
483,4.4578418732e+00,-2.1780586243e+00,-2.0948977051e+03,1.2020781040e+00,3.8495883346e-01,2.6193931250e+05
484,4.4839696884e+00,-2.1334674358e+00,-1.6171163330e+03,1.2164797783e+00,3.9316630363e-01,2.6198193750e+05
485,4.4746971130e+00,-1.9462276697e+00,-1.4115915527e+03,1.2112308741e+00,3.7093546987e-01,2.6204218750e+05
486,4.4092864990e+00,-1.9430856705e+00,-1.4321911621e+03,1.2086700201e+00,3.1181979179e-01,2.6207264062e+05
487,4.2392945290e+00,-2.0607984066e+00,-1.6108343506e+03,1.1831567287e+00,2.3026980460e-01,2.6208595312e+05
488,4.0290932655e+00,-2.1575596333e+00,-2.1138449707e+03,1.1676108837e+00,1.3020643592e-01,2.6207912500e+05
489,3.9679796696e+00,-1.3986088037e+00,-3.0058962402e+03,1.1529486179e+00,3.1902991235e-02,2.6206159375e+05
490,4.1043434143e+00,-7.8230172396e-01,-3.7295183105e+03,1.1427289248e+00,-7.5324542820e-02,2.6203651562e+05
491,4.1932868958e+00,1.8467657268e-01,-4.0157519531e+03,1.1603368521e+00,-1.7636495829e-01,2.6200259375e+05
492,4.1916713715e+00,9.8054093122e-01,-3.9306706543e+03,1.1565234661e+00,-2.6360014081e-01,2.6197006250e+05
493,4.2841114998e+00,1.7169030905e+00,-3.5100051270e+03,1.1861829758e+00,-3.5253250599e-01,2.6197576562e+05
494,4.1765937805e+00,2.5069780350e+00,-2.5032270508e+03,1.2146892548e+00,-3.9481857419e-01,2.6201696875e+05
495,4.4268984795e+00,2.2238445282e+00,-1.6949683838e+03,1.2096217871e+00,-4.1625198722e-01,2.6208706250e+05
496,4.5181341171e+00,1.8740668297e+00,-1.3248209229e+03,1.2278969288e+00,-4.1197568178e-01,2.6215800000e+05
497,4.5292921066e+00,1.7953938246e+00,-1.2064405518e+03,1.2239615917e+00,-3.8598206639e-01,2.6222353125e+05
498,4.3755507469e+00,1.8558267355e+00,-1.2292315674e+03,1.2193368673e+00,-3.3715602756e-01,2.6226981250e+05
499,4.2835464478e+00,1.8787444830e+00,-1.4231250000e+03,1.2007206678e+00,-2.4480894208e-01,2.6229603125e+05
