step,vx_25_25,vy_25_25
0,4.9976587296e-01,-4.9976587296e-01
1,5.0211822987e-01,-5.0120848417e-01
2,5.0188833475e-01,-5.0152432919e-01
3,5.0163954496e-01,-5.0181138515e-01
4,5.0193256140e-01,-5.0180870295e-01
5,5.0210195780e-01,-5.0182682276e-01
6,5.0176298618e-01,-5.0208550692e-01
7,5.0158327818e-01,-5.0195133686e-01
8,5.0146573782e-01,-5.0192785263e-01
9,5.0163275003e-01,-5.0169777870e-01
10,5.0196540356e-01,-5.0177598000e-01
11,5.0220024586e-01,-5.0201368332e-01
12,5.0248312950e-01,-5.0226336718e-01
13,5.0254267454e-01,-5.0243574381e-01
14,5.0234675407e-01,-5.0204771757e-01
15,5.0208240747e-01,-5.0137662888e-01
16,5.0165593624e-01,-5.0114244223e-01
17,5.0172281265e-01,-5.0132024288e-01
18,5.0194454193e-01,-5.0159466267e-01
19,5.0249314308e-01,-5.0163030624e-01
20,5.0228738785e-01,-5.0167149305e-01
21,5.0175714493e-01,-5.0135654211e-01
22,5.0123894215e-01,-5.0093281269e-01
23,5.0140637159e-01,-5.0059658289e-01
24,5.0169152021e-01,-5.0080442429e-01
25,5.0206756592e-01,-5.0153458118e-01
26,5.0245422125e-01,-5.0232267380e-01
27,5.0252890587e-01,-5.0281345844e-01
28,5.0231528282e-01,-5.0261712074e-01
29,5.0186026096e-01,-5.0161445141e-01
30,5.0151753426e-01,-5.0095129013e-01
31,5.0152754784e-01,-5.0024586916e-01
32,5.0218647718e-01,-5.0028693676e-01
33,5.0281161070e-01,-5.0067842007e-01
34,5.0330948830e-01,-5.0126481056e-01
35,5.0318908691e-01,-5.0151616335e-01
36,5.0232887268e-01,-5.0150704384e-01
37,5.0144141912e-01,-5.0119072199e-01
38,5.0079345703e-01,-5.0101298094e-01
39,5.0089484453e-01,-5.0060087442e-01
40,5.0114154816e-01,-5.0038778782e-01
41,5.0156271458e-01,-5.0006157160e-01
42,5.0194543600e-01,-5.0021159649e-01
43,5.0228708982e-01,-5.0043290854e-01
44,5.0260949135e-01,-5.0065243244e-01
45,5.0247991085e-01,-5.0066000223e-01
46,5.0220692158e-01,-5.0060212612e-01
47,5.0186002254e-01,-5.0056147575e-01
48,5.0177592039e-01,-5.0076705217e-01
49,5.0216543674e-01,-5.0115323067e-01
50,5.0222229958e-01,-5.0156241655e-01
51,5.0234597921e-01,-5.0161653757e-01
52,5.0226408243e-01,-5.0116467476e-01
53,5.0167733431e-01,-5.0076484680e-01
54,5.0135231018e-01,-4.9998742342e-01
55,5.0129568577e-01,-4.9946099520e-01
56,5.0156795979e-01,-4.9973148108e-01
57,5.0203299522e-01,-5.0032788515e-01
58,5.0258910656e-01,-5.0122326612e-01
59,5.0239831209e-01,-5.0160145760e-01
60,5.0217723846e-01,-5.0167548656e-01
61,5.0193160772e-01,-5.0161981583e-01
62,5.0153487921e-01,-5.0146031380e-01
63,5.0166791677e-01,-5.0109601021e-01
64,5.0166952610e-01,-5.0095260143e-01
65,5.0189566612e-01,-5.0059467554e-01
66,5.0198507309e-01,-5.0050240755e-01
67,5.0222307444e-01,-5.0046366453e-01
68,5.0212901831e-01,-5.0031119585e-01
69,5.0228971243e-01,-5.0003147125e-01
70,5.0211036205e-01,-5.0003111362e-01
71,5.0168889761e-01,-4.9993795156e-01
72,5.0167638063e-01,-4.9970877171e-01
73,5.0169098377e-01,-4.9963191152e-01
74,5.0154751539e-01,-4.9976643920e-01
75,5.0134134293e-01,-4.9991211295e-01
76,5.0148707628e-01,-5.0004822016e-01
77,5.0165265799e-01,-4.9978154898e-01
78,5.0182616711e-01,-4.9934840202e-01
79,5.0156664848e-01,-4.9868953228e-01
80,5.0127840042e-01,-4.9827352166e-01
81,5.0114631653e-01,-4.9825790524e-01
82,5.0124430656e-01,-4.9856638908e-01
83,5.0150036812e-01,-4.9889495969e-01
84,5.0140935183e-01,-4.9935770035e-01
85,5.0135463476e-01,-4.9952110648e-01
86,5.0111204386e-01,-4.9963375926e-01
87,5.0102466345e-01,-4.9957889318e-01
88,5.0119030476e-01,-4.9959719181e-01
89,5.0163996220e-01,-4.9978819489e-01
90,5.0176131725e-01,-5.0012141466e-01
91,5.0186526775e-01,-5.0026828051e-01
92,5.0171768665e-01,-5.0012844801e-01
93,5.0163531303e-01,-5.0005650520e-01
94,5.0133812428e-01,-4.9990347028e-01
95,5.0103235245e-01,-4.9943649769e-01
96,5.0091564655e-01,-4.9931821227e-01
97,5.0087749958e-01,-4.9911040068e-01
98,5.0093561411e-01,-4.9934530258e-01
99,5.0119423866e-01,-4.9936312437e-01
100,5.0101673603e-01,-4.9983894825e-01
101,5.0120061636e-01,-5.0006449223e-01
102,5.0143110752e-01,-5.0021976233e-01
103,5.0171589851e-01,-4.9986389279e-01
104,5.0143015385e-01,-4.9987092614e-01
105,5.0138580799e-01,-4.9960654974e-01
106,5.0104683638e-01,-4.9939554930e-01
107,5.0113487244e-01,-4.9881508946e-01
108,5.0108456612e-01,-4.9847456813e-01
109,5.0118845701e-01,-4.9867406487e-01
110,5.0129824877e-01,-4.9937337637e-01
111,5.0180232525e-01,-4.9962902069e-01
112,5.0162488222e-01,-4.9976307154e-01
113,5.0145572424e-01,-4.9933058023e-01
114,5.0095272064e-01,-4.9928393960e-01
115,5.0091922283e-01,-4.9895939231e-01
116,5.0070524216e-01,-4.9901470542e-01
117,5.0113272667e-01,-4.9882578850e-01
118,5.0100684166e-01,-4.9896609783e-01
119,5.0123840570e-01,-4.9905854464e-01
120,5.0100642443e-01,-4.9957165122e-01
121,5.0113672018e-01,-4.9974557757e-01
122,5.0097900629e-01,-5.0006943941e-01
123,5.0110143423e-01,-4.9967327714e-01
124,5.0062137842e-01,-4.9948185682e-01
125,5.0074148178e-01,-4.9895665050e-01
126,5.0053817034e-01,-4.9919751287e-01
127,5.0105005503e-01,-4.9879330397e-01
128,5.0104731321e-01,-4.9915984273e-01
129,5.0124448538e-01,-4.9867233634e-01
130,5.0104480982e-01,-4.9892500043e-01
131,5.0102019310e-01,-4.9884390831e-01
132,5.0078368187e-01,-4.9914404750e-01
133,5.0089216232e-01,-4.9918618798e-01
134,5.0084209442e-01,-4.9944439530e-01
135,5.0089222193e-01,-4.9912422895e-01
136,5.0034022331e-01,-4.9893277884e-01
137,5.0038224459e-01,-4.9857339263e-01
138,5.0033491850e-01,-4.9883002043e-01
139,5.0105690956e-01,-4.9886974692e-01
140,5.0100934505e-01,-4.9944433570e-01
141,5.0126516819e-01,-4.9921005964e-01
142,5.0103002787e-01,-4.9934944510e-01
143,5.0086891651e-01,-4.9918177724e-01
144,5.0029736757e-01,-4.9912536144e-01
145,5.0047165155e-01,-4.9863758683e-01
146,5.0033915043e-01,-4.9860307574e-01
147,5.0088149309e-01,-4.9854093790e-01
148,5.0107401609e-01,-4.9897620082e-01
149,5.0151586533e-01,-4.9884608388e-01
150,5.0125974417e-01,-4.9917647243e-01
151,5.0146824121e-01,-4.9909627438e-01
152,5.0095736980e-01,-4.9919971824e-01
153,5.0108081102e-01,-4.9912631512e-01
154,5.0062865019e-01,-4.9940925837e-01
155,5.0085234642e-01,-4.9938684702e-01
156,5.0049513578e-01,-4.9932736158e-01
157,5.0035804510e-01,-4.9891614914e-01
158,4.9991190434e-01,-4.9851635098e-01
159,4.9995028973e-01,-4.9798002839e-01
160,4.9978524446e-01,-4.9819147587e-01
161,5.0036263466e-01,-4.9812695384e-01
162,5.0073575974e-01,-4.9870067835e-01
163,5.0116688013e-01,-4.9885076284e-01
164,5.0109297037e-01,-4.9929627776e-01
165,5.0151079893e-01,-4.9900051951e-01
166,5.0098013878e-01,-4.9909806252e-01
167,5.0095218420e-01,-4.9879699945e-01
168,5.0071883202e-01,-4.9894914031e-01
169,5.0095897913e-01,-4.9852603674e-01
170,5.0076532364e-01,-4.9886339903e-01
171,5.0081390142e-01,-4.9869611859e-01
172,5.0056535006e-01,-4.9911767244e-01
173,5.0074249506e-01,-4.9878102541e-01
174,5.0038963556e-01,-4.9857306480e-01
175,5.0045180321e-01,-4.9809804559e-01
176,5.0024151802e-01,-4.9859413505e-01
177,5.0066149235e-01,-4.9899765849e-01
178,5.0076031685e-01,-4.9963650107e-01
179,5.0101214647e-01,-4.9929773808e-01
180,5.0035685301e-01,-4.9884682894e-01
181,5.0005125999e-01,-4.9818432331e-01
182,4.9969911575e-01,-4.9868810177e-01
183,5.0038385391e-01,-4.9861255288e-01
184,5.0073730946e-01,-4.9934250116e-01
185,5.0110238791e-01,-4.9892234802e-01
186,5.0060653687e-01,-4.9910703301e-01
187,5.0065028667e-01,-4.9888154864e-01
188,5.0050675869e-01,-4.9936088920e-01
189,5.0114089251e-01,-4.9921819568e-01
190,5.0070220232e-01,-4.9914506078e-01
191,5.0064349174e-01,-4.9821448326e-01
192,4.9994492531e-01,-4.9812719226e-01
193,5.0008368492e-01,-4.9773469567e-01
194,5.0006526709e-01,-4.9819746614e-01
195,5.0069308281e-01,-4.9819800258e-01
196,5.0055968761e-01,-4.9884888530e-01
197,5.0084924698e-01,-4.9883735180e-01
198,5.0065946579e-01,-4.9929088354e-01
199,5.0066018105e-01,-4.9869146943e-01
200,5.0024753809e-01,-4.9830859900e-01
201,5.0042653084e-01,-4.9783989787e-01
202,5.0051707029e-01,-4.9833947420e-01
203,5.0120729208e-01,-4.9878644943e-01
204,5.0133574009e-01,-4.9953037500e-01
205,5.0183683634e-01,-4.9962413311e-01
206,5.0129181147e-01,-4.9992531538e-01
207,5.0097429752e-01,-4.9926540256e-01
208,4.9991905689e-01,-4.9880135059e-01
209,4.9955871701e-01,-4.9760395288e-01
210,4.9967303872e-01,-4.9739786983e-01
211,5.0051927567e-01,-4.9738612771e-01
212,5.0131320953e-01,-4.9785855412e-01
213,5.0232142210e-01,-4.9797612429e-01
214,5.0212711096e-01,-4.9850043654e-01
215,5.0214439631e-01,-4.9804115295e-01
216,5.0130510330e-01,-4.9819871783e-01
217,5.0094360113e-01,-4.9826431274e-01
218,5.0074893236e-01,-4.9880704284e-01
219,5.0090843439e-01,-4.9891436100e-01
220,5.0043857098e-01,-4.9912691116e-01
221,5.0030428171e-01,-4.9849325418e-01
222,4.9997729063e-01,-4.9856868386e-01
223,5.0023847818e-01,-4.9831801653e-01
224,5.0042068958e-01,-4.9869367480e-01
225,5.0088095665e-01,-4.9843254685e-01
226,5.0064539909e-01,-4.9850937724e-01
227,5.0045835972e-01,-4.9820101261e-01
228,5.0028812885e-01,-4.9821439385e-01
229,5.0044298172e-01,-4.9768596888e-01
230,5.0056540966e-01,-4.9760031700e-01
231,5.0124710798e-01,-4.9741873145e-01
232,5.0145488977e-01,-4.9782681465e-01
233,5.0205457211e-01,-4.9789080024e-01
234,5.0176352262e-01,-4.9860873818e-01
235,5.0185722113e-01,-4.9862229824e-01
236,5.0130426884e-01,-4.9886006117e-01
237,5.0071066618e-01,-4.9829798937e-01
238,5.0007045269e-01,-4.9803397059e-01
239,5.0022578239e-01,-4.9742966890e-01
240,5.0012457371e-01,-4.9761524796e-01
241,5.0091201067e-01,-4.9777796865e-01
242,5.0101411343e-01,-4.9853292108e-01
243,5.0133186579e-01,-4.9824321270e-01
244,5.0067573786e-01,-4.9826741219e-01
245,5.0048905611e-01,-4.9772152305e-01
246,5.0005000830e-01,-4.9797752500e-01
247,5.0068241358e-01,-4.9773058295e-01
248,5.0099915266e-01,-4.9791052938e-01
249,5.0166201591e-01,-4.9773955345e-01
250,5.0163984299e-01,-4.9802446365e-01
251,5.0194442272e-01,-4.9799472094e-01
252,5.0159353018e-01,-4.9848425388e-01
253,5.0178480148e-01,-4.9814793468e-01
254,5.0132703781e-01,-4.9829122424e-01
255,5.0112736225e-01,-4.9785515666e-01
256,5.0079768896e-01,-4.9804878235e-01
257,5.0114512444e-01,-4.9769744277e-01
258,5.0099706650e-01,-4.9768641591e-01
259,5.0129216909e-01,-4.9718821049e-01
260,5.0082778931e-01,-4.9715512991e-01
261,5.0079798698e-01,-4.9689674377e-01
262,5.0028187037e-01,-4.9730238318e-01
263,5.0080132484e-01,-4.9722069502e-01
264,5.0102943182e-01,-4.9734330177e-01
265,5.0133162737e-01,-4.9711644650e-01
266,5.0136780739e-01,-4.9786296487e-01
267,5.0176173449e-01,-4.9796330929e-01
268,5.0192493200e-01,-4.9890500307e-01
269,5.0209039450e-01,-4.9872836471e-01
270,5.0140804052e-01,-4.9875468016e-01
271,5.0096648932e-01,-4.9818137288e-01
272,5.0039190054e-01,-4.9783673882e-01
273,5.0069123507e-01,-4.9702200294e-01
274,5.0087308884e-01,-4.9657538533e-01
275,5.0162565708e-01,-4.9602991343e-01
276,5.0194901228e-01,-4.9674144387e-01
277,5.0269854069e-01,-4.9741852283e-01
278,5.0275862217e-01,-4.9820107222e-01
279,5.0256127119e-01,-4.9804577231e-01
280,5.0138473511e-01,-4.9792054296e-01
281,5.0073575974e-01,-4.9695420265e-01
282,4.9977654219e-01,-4.9671646953e-01
283,5.0012511015e-01,-4.9627283216e-01
284,5.0046592951e-01,-4.9677273631e-01
285,5.0137913227e-01,-4.9693390727e-01
286,5.0192123652e-01,-4.9771699309e-01
287,5.0247597694e-01,-4.9787491560e-01
288,5.0220400095e-01,-4.9809429049e-01
289,5.0225985050e-01,-4.9751350284e-01
290,5.0169008970e-01,-4.9719169736e-01
291,5.0198107958e-01,-4.9664664268e-01
292,5.0160461664e-01,-4.9675732851e-01
293,5.0185769796e-01,-4.9707981944e-01
294,5.0159662962e-01,-4.9789786339e-01
295,5.0199609995e-01,-4.9790593982e-01
296,5.0148481131e-01,-4.9753943086e-01
297,5.0105619431e-01,-4.9666595459e-01
298,5.0049573183e-01,-4.9595439434e-01
299,5.0101613998e-01,-4.9533155560e-01
300,5.0142937899e-01,-4.9598771334e-01
301,5.0275617838e-01,-4.9666988850e-01
302,5.0302672386e-01,-4.9806913733e-01
303,5.0313574076e-01,-4.9832290411e-01
304,5.0219595432e-01,-4.9846753478e-01
305,5.0138252974e-01,-4.9782842398e-01
306,5.0062161684e-01,-4.9723520875e-01
307,5.0062829256e-01,-4.9639180303e-01
308,5.0084871054e-01,-4.9638190866e-01
309,5.0184041262e-01,-4.9634352326e-01
310,5.0240790844e-01,-4.9682441354e-01
311,5.0272071362e-01,-4.9645689130e-01
312,5.0221180916e-01,-4.9694076180e-01
313,5.0224345922e-01,-4.9665409327e-01
314,5.0169152021e-01,-4.9692958593e-01
315,5.0159513950e-01,-4.9657657743e-01
316,5.0101518631e-01,-4.9644482136e-01
317,5.0104528666e-01,-4.9578109384e-01
318,5.0055587292e-01,-4.9590760469e-01
319,5.0088852644e-01,-4.9530294538e-01
320,5.0062984228e-01,-4.9511212111e-01
321,5.0111418962e-01,-4.9431887269e-01
322,5.0115966797e-01,-4.9452605844e-01
323,5.0189697742e-01,-4.9443989992e-01
324,5.0188255310e-01,-4.9500259757e-01
325,5.0220566988e-01,-4.9497541785e-01
326,5.0203049183e-01,-4.9574056268e-01
327,5.0210815668e-01,-4.9598404765e-01
328,5.0178939104e-01,-4.9664345384e-01
329,5.0173312426e-01,-4.9628785253e-01
330,5.0087970495e-01,-4.9622875452e-01
331,5.0067383051e-01,-4.9570068717e-01
332,5.0018489361e-01,-4.9611192942e-01
333,5.0057989359e-01,-4.9623799324e-01
334,5.0093299150e-01,-4.9694094062e-01
335,5.0173026323e-01,-4.9725854397e-01
336,5.0151520967e-01,-4.9759477377e-01
337,5.0182926655e-01,-4.9705439806e-01
338,5.0117510557e-01,-4.9679189920e-01
339,5.0148892403e-01,-4.9597984552e-01
340,5.0140935183e-01,-4.9559906125e-01
341,5.0198054314e-01,-4.9491924047e-01
342,5.0195825100e-01,-4.9527990818e-01
343,5.0252622366e-01,-4.9557253718e-01
344,5.0245314837e-01,-4.9653169513e-01
345,5.0252711773e-01,-4.9674677849e-01
346,5.0164562464e-01,-4.9704000354e-01
347,5.0119018555e-01,-4.9616760015e-01
348,5.0010627508e-01,-4.9563893676e-01
349,4.9993926287e-01,-4.9469360709e-01
350,4.9987992644e-01,-4.9469724298e-01
351,5.0092881918e-01,-4.9485191703e-01
352,5.0146341324e-01,-4.9592790008e-01
353,5.0217622519e-01,-4.9591580033e-01
354,5.0204080343e-01,-4.9608334899e-01
355,5.0168067217e-01,-4.9525517225e-01
356,5.0108426809e-01,-4.9530267715e-01
357,5.0115966797e-01,-4.9508935213e-01
358,5.0135523081e-01,-4.9563214183e-01
359,5.0206524134e-01,-4.9554809928e-01
360,5.0161707401e-01,-4.9588975310e-01
361,5.0136655569e-01,-4.9540048838e-01
362,5.0065237284e-01,-4.9531134963e-01
363,5.0110769272e-01,-4.9532407522e-01
364,5.0127488375e-01,-4.9564290047e-01
365,5.0177115202e-01,-4.9535974860e-01
366,5.0163888931e-01,-4.9586793780e-01
367,5.0154405832e-01,-4.9566522241e-01
368,5.0137579441e-01,-4.9627098441e-01
369,5.0123870373e-01,-4.9588117003e-01
370,5.0074768066e-01,-4.9626854062e-01
371,5.0051093102e-01,-4.9547684193e-01
372,5.0012248755e-01,-4.9511247873e-01
373,5.0035738945e-01,-4.9450612068e-01
374,5.0025379658e-01,-4.9451026320e-01
375,5.0096893311e-01,-4.9432048202e-01
376,5.0090777874e-01,-4.9449381232e-01
377,5.0139558315e-01,-4.9420285225e-01
378,5.0103116035e-01,-4.9449479580e-01
379,5.0105851889e-01,-4.9466073513e-01
380,5.0089919567e-01,-4.9563914537e-01
381,5.0134778023e-01,-4.9579045177e-01
382,5.0096797943e-01,-4.9609044194e-01
383,5.0063669682e-01,-4.9529433250e-01
384,4.9983361363e-01,-4.9506008625e-01
385,4.9973997474e-01,-4.9441662431e-01
386,4.9982091784e-01,-4.9485611916e-01
387,5.0053465366e-01,-4.9478495121e-01
388,5.0066673756e-01,-4.9517995119e-01
389,5.0113815069e-01,-4.9469587207e-01
390,5.0066328049e-01,-4.9491271377e-01
391,5.0067043304e-01,-4.9471059442e-01
392,5.0035297871e-01,-4.9469447136e-01
393,5.0055754185e-01,-4.9432516098e-01
394,5.0021958351e-01,-4.9455520511e-01
395,5.0011754036e-01,-4.9458268285e-01
396,4.9997091293e-01,-4.9500080943e-01
397,5.0017476082e-01,-4.9477571249e-01
398,4.9986290932e-01,-4.9498412013e-01
399,5.0019627810e-01,-4.9467778206e-01
400,5.0022411346e-01,-4.9503898621e-01
401,5.0060778856e-01,-4.9477577209e-01
402,5.0052165985e-01,-4.9498629570e-01
403,5.0048184395e-01,-4.9484837055e-01
404,5.0016099215e-01,-4.9472302198e-01
405,4.9990108609e-01,-4.9405816197e-01
406,4.9958860874e-01,-4.9408259988e-01
407,4.9951308966e-01,-4.9398437142e-01
408,4.9949225783e-01,-4.9437963963e-01
409,4.9997878075e-01,-4.9459147453e-01
410,4.9984940886e-01,-4.9531924725e-01
411,5.0010794401e-01,-4.9518048763e-01
412,4.9947497249e-01,-4.9518987536e-01
413,4.9923422933e-01,-4.9469146132e-01
414,4.9887362123e-01,-4.9465519190e-01
415,4.9930557609e-01,-4.9441170692e-01
416,4.9941852689e-01,-4.9474886060e-01
417,4.9983721972e-01,-4.9425524473e-01
418,4.9965703487e-01,-4.9432596564e-01
419,4.9984830618e-01,-4.9403223395e-01
420,4.9969026446e-01,-4.9465098977e-01
421,5.0019961596e-01,-4.9448168278e-01
422,5.0010997057e-01,-4.9451401830e-01
423,5.0010901690e-01,-4.9427780509e-01
424,4.9947994947e-01,-4.9424934387e-01
425,4.9947965145e-01,-4.9373543262e-01
426,4.9911940098e-01,-4.9409016967e-01
427,4.9944430590e-01,-4.9406528473e-01
428,4.9909943342e-01,-4.9473586679e-01
429,4.9914467335e-01,-4.9473378062e-01
430,4.9888652563e-01,-4.9511349201e-01
431,4.9916347861e-01,-4.9454253912e-01
432,4.9862655997e-01,-4.9467054009e-01
433,4.9886462092e-01,-4.9416247010e-01
434,4.9883556366e-01,-4.9440959096e-01
435,4.9925416708e-01,-4.9412629008e-01
436,4.9914208055e-01,-4.9424359202e-01
437,4.9931600690e-01,-4.9363476038e-01
438,4.9865877628e-01,-4.9363750219e-01
439,4.9884653091e-01,-4.9328351021e-01
440,4.9874830246e-01,-4.9382308125e-01
441,4.9915510416e-01,-4.9426814914e-01
442,4.9921363592e-01,-4.9537059665e-01
443,4.9944773316e-01,-4.9560844898e-01
444,4.9892649055e-01,-4.9572023749e-01
445,4.9869486690e-01,-4.9482497573e-01
446,4.9800130725e-01,-4.9442455173e-01
447,4.9849441648e-01,-4.9378094077e-01
448,4.9880039692e-01,-4.9405291677e-01
449,4.9953523278e-01,-4.9411189556e-01
450,4.9948421121e-01,-4.9438005686e-01
451,4.9965497851e-01,-4.9449089170e-01
452,4.9904423952e-01,-4.9516114593e-01
453,4.9895921350e-01,-4.9506095052e-01
454,4.9814426899e-01,-4.9512100220e-01
455,4.9816396832e-01,-4.9437692761e-01
456,4.9779883027e-01,-4.9430656433e-01
457,4.9780416489e-01,-4.9379128218e-01
458,4.9792560935e-01,-4.9377787113e-01
459,4.9871817231e-01,-4.9359771609e-01
460,4.9904978275e-01,-4.9439841509e-01
461,4.9966299534e-01,-4.9465435743e-01
462,4.9966055155e-01,-4.9506983161e-01
463,4.9937418103e-01,-4.9493375421e-01
464,4.9818745255e-01,-4.9506333470e-01
465,4.9777176976e-01,-4.9470606446e-01
466,4.9750456214e-01,-4.9461674690e-01
467,4.9776709080e-01,-4.9415764213e-01
468,4.9778145552e-01,-4.9429249763e-01
469,4.9812999368e-01,-4.9396169186e-01
470,4.9830931425e-01,-4.9431255460e-01
471,4.9872592092e-01,-4.9409347773e-01
472,4.9869626760e-01,-4.9414509535e-01
473,4.9867618084e-01,-4.9353802204e-01
474,4.9812349677e-01,-4.9340936542e-01
475,4.9791613221e-01,-4.9329447746e-01
476,4.9783664942e-01,-4.9363940954e-01
477,4.9835237861e-01,-4.9354225397e-01
478,4.9842175841e-01,-4.9381113052e-01
479,4.9855124950e-01,-4.9330291152e-01
480,4.9795562029e-01,-4.9336704612e-01
481,4.9833410978e-01,-4.9339365959e-01
482,4.9815326929e-01,-4.9404373765e-01
483,4.9873217940e-01,-4.9469503760e-01
484,4.9847841263e-01,-4.9562138319e-01
485,4.9854969978e-01,-4.9553054571e-01
486,4.9770313501e-01,-4.9562323093e-01
487,4.9713900685e-01,-4.9486726522e-01
488,4.9663001299e-01,-4.9451458454e-01
489,4.9712982774e-01,-4.9428454041e-01
490,4.9736410379e-01,-4.9502840638e-01
491,4.9868115783e-01,-4.9544665217e-01
492,4.9876105785e-01,-4.9590694904e-01
493,4.9865823984e-01,-4.9515640736e-01
494,4.9775433540e-01,-4.9488595128e-01
495,4.9736130238e-01,-4.9396267533e-01
496,4.9700629711e-01,-4.9364903569e-01
497,4.9741867185e-01,-4.9314406514e-01
498,4.9779766798e-01,-4.9301645160e-01
499,4.9860033393e-01,-4.9250218272e-01
500,4.9854397774e-01,-4.9296104908e-01
501,4.9897322059e-01,-4.9330088496e-01
502,4.9878472090e-01,-4.9438127875e-01
503,4.9888402224e-01,-4.9477881193e-01
504,4.9828714132e-01,-4.9524125457e-01
505,4.9781501293e-01,-4.9472552538e-01
506,4.9682736397e-01,-4.9425518513e-01
507,4.9675834179e-01,-4.9364662170e-01
508,4.9681156874e-01,-4.9371966720e-01
509,4.9762263894e-01,-4.9382463098e-01
510,4.9825879931e-01,-4.9484544992e-01
511,4.9885821342e-01,-4.9520042539e-01
512,4.9861672521e-01,-4.9560806155e-01
513,4.9806329608e-01,-4.9492561817e-01
514,4.9700501561e-01,-4.9444070458e-01
515,4.9677401781e-01,-4.9391928315e-01
516,4.9688538909e-01,-4.9493372440e-01
517,4.9761000276e-01,-4.9537074566e-01
518,4.9792405963e-01,-4.9621689320e-01
519,4.9791830778e-01,-4.9590390921e-01
520,4.9693301320e-01,-4.9554812908e-01
521,4.9638038874e-01,-4.9461564422e-01
522,4.9586477876e-01,-4.9419566989e-01
523,4.9641782045e-01,-4.9350982904e-01
524,4.9659234285e-01,-4.9382519722e-01
525,4.9725309014e-01,-4.9336442351e-01
526,4.9722802639e-01,-4.9385792017e-01
527,4.9781426787e-01,-4.9342128634e-01
528,4.9781993032e-01,-4.9344706535e-01
529,4.9825200438e-01,-4.9325424433e-01
530,4.9820283055e-01,-4.9401387572e-01
531,4.9870216846e-01,-4.9419304729e-01
532,4.9825316668e-01,-4.9451771379e-01
533,4.9806404114e-01,-4.9434474111e-01
534,4.9732375145e-01,-4.9440437555e-01
535,4.9721831083e-01,-4.9458044767e-01
536,4.9700060487e-01,-4.9559184909e-01
537,4.9774751067e-01,-4.9579656124e-01
538,4.9766397476e-01,-4.9618700147e-01
539,4.9749720097e-01,-4.9550569057e-01
540,4.9656134844e-01,-4.9516400695e-01
541,4.9659746885e-01,-4.9397769570e-01
542,4.9644315243e-01,-4.9397742748e-01
543,4.9680045247e-01,-4.9363163114e-01
544,4.9693652987e-01,-4.9434056878e-01
545,4.9737456441e-01,-4.9488183856e-01
546,4.9732834101e-01,-4.9591454864e-01
547,4.9761846662e-01,-4.9589785933e-01
548,4.9702802300e-01,-4.9575483799e-01
549,4.9683085084e-01,-4.9471145868e-01
550,4.9629214406e-01,-4.9417001009e-01
551,4.9672982097e-01,-4.9335888028e-01
552,4.9703860283e-01,-4.9336281419e-01
553,4.9788677692e-01,-4.9340179563e-01
554,4.9813708663e-01,-4.9424377084e-01
555,4.9859777093e-01,-4.9469780922e-01
556,4.9804750085e-01,-4.9556630850e-01
557,4.9768427014e-01,-4.9553495646e-01
558,4.9690175056e-01,-4.9560344219e-01
559,4.9656456709e-01,-4.9521231651e-01
560,4.9588334560e-01,-4.9552533031e-01
561,4.9595683813e-01,-4.9474355578e-01
562,4.9587029219e-01,-4.9477234483e-01
563,4.9650910497e-01,-4.9408987164e-01
564,4.9689191580e-01,-4.9434363842e-01
565,4.9768725038e-01,-4.9415329099e-01
566,4.9807521701e-01,-4.9459427595e-01
567,4.9870106578e-01,-4.9460452795e-01
568,4.9819815159e-01,-4.9457436800e-01
569,4.9778798223e-01,-4.9424436688e-01
570,4.9682146311e-01,-4.9399843812e-01
571,4.9660515785e-01,-4.9371862411e-01
572,4.9607622623e-01,-4.9415349960e-01
573,4.9654003978e-01,-4.9413394928e-01
574,4.9686402082e-01,-4.9486431479e-01
575,4.9739682674e-01,-4.9475881457e-01
576,4.9725455046e-01,-4.9474087358e-01
577,4.9718058109e-01,-4.9390199780e-01
578,4.9675989151e-01,-4.9340090156e-01
579,4.9681705236e-01,-4.9270471931e-01
580,4.9676516652e-01,-4.9302247167e-01
581,4.9742919207e-01,-4.9368023872e-01
582,4.9745404720e-01,-4.9520587921e-01
583,4.9787238240e-01,-4.9559038877e-01
584,4.9713081121e-01,-4.9584501982e-01
585,4.9677044153e-01,-4.9516797066e-01
586,4.9586954713e-01,-4.9504849315e-01
587,4.9609914422e-01,-4.9482119083e-01
588,4.9627736211e-01,-4.9516862631e-01
589,4.9706271291e-01,-4.9485486746e-01
590,4.9705329537e-01,-4.9488002062e-01
591,4.9706736207e-01,-4.9436450005e-01
592,4.9673768878e-01,-4.9445286393e-01
593,4.9661979079e-01,-4.9422088265e-01
594,4.9618500471e-01,-4.9441877007e-01
595,4.9599987268e-01,-4.9440583587e-01
596,4.9538025260e-01,-4.9443531036e-01
597,4.9559843540e-01,-4.9419561028e-01
598,4.9547278881e-01,-4.9457564950e-01
599,4.9617272615e-01,-4.9434056878e-01
600,4.9632680416e-01,-4.9413576722e-01
601,4.9685761333e-01,-4.9302947521e-01
602,4.9680602551e-01,-4.9293604493e-01
603,4.9722927809e-01,-4.9281954765e-01
604,4.9740234017e-01,-4.9399712682e-01
605,4.9777302146e-01,-4.9444824457e-01
606,4.9706575274e-01,-4.9504804611e-01
607,4.9655455351e-01,-4.9475255609e-01
608,4.9540144205e-01,-4.9455246329e-01
609,4.9517768621e-01,-4.9417856336e-01
610,4.9508330226e-01,-4.9426457286e-01
611,4.9582439661e-01,-4.9403616786e-01
612,4.9610272050e-01,-4.9427524209e-01
613,4.9654865265e-01,-4.9423214793e-01
614,4.9642783403e-01,-4.9508437514e-01
615,4.9676597118e-01,-4.9530217052e-01
616,4.9668559432e-01,-4.9586513638e-01
617,4.9681389332e-01,-4.9530792236e-01
618,4.9631032348e-01,-4.9495273829e-01
619,4.9625721574e-01,-4.9411904812e-01
620,4.9604791403e-01,-4.9404487014e-01
621,4.9670100212e-01,-4.9352720380e-01
622,4.9661558867e-01,-4.9344304204e-01
623,4.9682956934e-01,-4.9307209253e-01
624,4.9648144841e-01,-4.9347615242e-01
625,4.9675980210e-01,-4.9373891950e-01
626,4.9632096291e-01,-4.9472764134e-01
627,4.9655172229e-01,-4.9474307895e-01
628,4.9612522125e-01,-4.9525791407e-01
629,4.9643710256e-01,-4.9512580037e-01
630,4.9612382054e-01,-4.9542933702e-01
631,4.9623969197e-01,-4.9473702908e-01
632,4.9572741985e-01,-4.9428075552e-01
633,4.9569329619e-01,-4.9351820350e-01
634,4.9524179101e-01,-4.9360325933e-01
635,4.9553084373e-01,-4.9368348718e-01
636,4.9573796988e-01,-4.9462881684e-01
637,4.9623814225e-01,-4.9511471391e-01
638,4.9618476629e-01,-4.9584156275e-01
639,4.9627617002e-01,-4.9572300911e-01
640,4.9603158236e-01,-4.9589148164e-01
641,4.9624183774e-01,-4.9543580413e-01
642,4.9611872435e-01,-4.9552720785e-01
643,4.9623230100e-01,-4.9510824680e-01
644,4.9588868022e-01,-4.9489420652e-01
645,4.9577200413e-01,-4.9362525344e-01
646,4.9494299293e-01,-4.9306121469e-01
647,4.9499824643e-01,-4.9228599668e-01
648,4.9511247873e-01,-4.9252367020e-01
649,4.9601310492e-01,-4.9282985926e-01
650,4.9627354741e-01,-4.9387064576e-01
651,4.9663087726e-01,-4.9444350600e-01
652,4.9606448412e-01,-4.9542030692e-01
653,4.9596509337e-01,-4.9570283294e-01
654,4.9546265602e-01,-4.9618634582e-01
655,4.9527040124e-01,-4.9559167027e-01
656,4.9482232332e-01,-4.9480018020e-01
657,4.9490082264e-01,-4.9300959706e-01
658,4.9485069513e-01,-4.9247041345e-01
659,4.9568927288e-01,-4.9226993322e-01
660,4.9624189734e-01,-4.9329391122e-01
661,4.9700847268e-01,-4.9406039715e-01
662,4.9680784345e-01,-4.9468827248e-01
663,4.9627780914e-01,-4.9420675635e-01
664,4.9493059516e-01,-4.9374985695e-01
665,4.9444213510e-01,-4.9294596910e-01
666,4.9425566196e-01,-4.9286976457e-01
667,4.9545976520e-01,-4.9293753505e-01
668,4.9585464597e-01,-4.9428251386e-01
669,4.9643018842e-01,-4.9484065175e-01
670,4.9626219273e-01,-4.9564284086e-01
671,4.9599081278e-01,-4.9559834599e-01
672,4.9521425366e-01,-4.9555623531e-01
673,4.9476492405e-01,-4.9456566572e-01
674,4.9396592379e-01,-4.9390733242e-01
675,4.9428898096e-01,-4.9298369884e-01
676,4.9469038844e-01,-4.9339136481e-01
677,4.9566102028e-01,-4.9394086003e-01
678,4.9593833089e-01,-4.9501255155e-01
679,4.9626857042e-01,-4.9497252703e-01
680,4.9551600218e-01,-4.9502572417e-01
681,4.9476605654e-01,-4.9396556616e-01
682,4.9401143193e-01,-4.9335199594e-01
683,4.9412614107e-01,-4.9255138636e-01
684,4.9463343620e-01,-4.9274164438e-01
685,4.9564024806e-01,-4.9262049794e-01
686,4.9580270052e-01,-4.9295651913e-01
687,4.9617445469e-01,-4.9288418889e-01
688,4.9620670080e-01,-4.9391707778e-01
689,4.9645951390e-01,-4.9469459057e-01
690,4.9603661895e-01,-4.9522581697e-01
691,4.9554044008e-01,-4.9459677935e-01
692,4.9420657754e-01,-4.9387058616e-01
693,4.9365773797e-01,-4.9257454276e-01
694,4.9332576990e-01,-4.9184808135e-01
695,4.9409961700e-01,-4.9153706431e-01
696,4.9504998326e-01,-4.9219420552e-01
697,4.9603053927e-01,-4.9222922325e-01
698,4.9610888958e-01,-4.9287569523e-01
699,4.9615171552e-01,-4.9294015765e-01
700,4.9546819925e-01,-4.9394616485e-01
701,4.9530151486e-01,-4.9487552047e-01
702,4.9520418048e-01,-4.9600338936e-01
703,4.9577808380e-01,-4.9618303776e-01
704,4.9514004588e-01,-4.9637177587e-01
705,4.9476274848e-01,-4.9569034576e-01
706,4.9426737428e-01,-4.9551460147e-01
707,4.9456357956e-01,-4.9516966939e-01
708,4.9456697702e-01,-4.9532663822e-01
709,4.9488702416e-01,-4.9487411976e-01
710,4.9485161901e-01,-4.9434855580e-01
711,4.9441349506e-01,-4.9341574311e-01
712,4.9400073290e-01,-4.9330067635e-01
713,4.9438354373e-01,-4.9297693372e-01
714,4.9489730597e-01,-4.9373573065e-01
715,4.9586707354e-01,-4.9407839775e-01
716,4.9582722783e-01,-4.9477884173e-01
717,4.9592620134e-01,-4.9483618140e-01
718,4.9518567324e-01,-4.9453073740e-01
719,4.9480256438e-01,-4.9355545640e-01
720,4.9424239993e-01,-4.9299997091e-01
721,4.9457454681e-01,-4.9276605248e-01
722,4.9472549558e-01,-4.9377754331e-01
723,4.9543949962e-01,-4.9412289262e-01
724,4.9528679252e-01,-4.9483022094e-01
725,4.9487844110e-01,-4.9478110671e-01
726,4.9388751388e-01,-4.9509137869e-01
727,4.9381986260e-01,-4.9485641718e-01
728,4.9377706647e-01,-4.9522370100e-01
729,4.9406433105e-01,-4.9452531338e-01
730,4.9350866675e-01,-4.9399569631e-01
731,4.9367633462e-01,-4.9224555492e-01
732,4.9344965816e-01,-4.9113613367e-01
733,4.9420139194e-01,-4.9026229978e-01
734,4.9492514133e-01,-4.9074494839e-01
735,4.9623554945e-01,-4.9150279164e-01
736,4.9673739076e-01,-4.9288395047e-01
737,4.9688687921e-01,-4.9339815974e-01
738,4.9613401294e-01,-4.9424904585e-01
739,4.9527227879e-01,-4.9394342303e-01
740,4.9400079250e-01,-4.9390101433e-01
741,4.9342694879e-01,-4.9302443862e-01
742,4.9292558432e-01,-4.9261832237e-01
743,4.9334195256e-01,-4.9221092463e-01
744,4.9373120070e-01,-4.9258708954e-01
745,4.9470341206e-01,-4.9297571182e-01
746,4.9485877156e-01,-4.9392727017e-01
747,4.9527841806e-01,-4.9404847622e-01
748,4.9461656809e-01,-4.9435085058e-01
749,4.9390292168e-01,-4.9365445971e-01
750,4.9277782440e-01,-4.9349051714e-01
751,4.9268046021e-01,-4.9290227890e-01
752,4.9266099930e-01,-4.9318823218e-01
753,4.9354761839e-01,-4.9301937222e-01
754,4.9370345473e-01,-4.9315699935e-01
755,4.9416282773e-01,-4.9286207557e-01
756,4.9399292469e-01,-4.9277204275e-01
757,4.9409550428e-01,-4.9268406630e-01
758,4.9397459626e-01,-4.9329662323e-01
759,4.9440225959e-01,-4.9317350984e-01
760,4.9430847168e-01,-4.9367499352e-01
761,4.9437218904e-01,-4.9337753654e-01
762,4.9344655871e-01,-4.9362844229e-01
763,4.9303138256e-01,-4.9314841628e-01
764,4.9279215932e-01,-4.9340724945e-01
765,4.9306556582e-01,-4.9304154515e-01
766,4.9290817976e-01,-4.9358102679e-01
767,4.9303957820e-01,-4.9340632558e-01
768,4.9273151159e-01,-4.9345913529e-01
769,4.9276846647e-01,-4.9293950200e-01
770,4.9249508977e-01,-4.9291139841e-01
771,4.9302718043e-01,-4.9268814921e-01
772,4.9316057563e-01,-4.9337166548e-01
773,4.9422505498e-01,-4.9362152815e-01
774,4.9445620179e-01,-4.9425256252e-01
775,4.9470928311e-01,-4.9398735166e-01
776,4.9397805333e-01,-4.9400603771e-01
777,4.9390643835e-01,-4.9368503690e-01
778,4.9348288774e-01,-4.9427136779e-01
779,4.9386867881e-01,-4.9496880174e-01
780,4.9372491241e-01,-4.9577766657e-01
781,4.9412232637e-01,-4.9520361423e-01
782,4.9346098304e-01,-4.9478062987e-01
783,4.9313551188e-01,-4.9365177751e-01
784,4.9282932281e-01,-4.9305185676e-01
785,4.9315690994e-01,-4.9244949222e-01
786,4.9340382218e-01,-4.9288299680e-01
787,4.9364787340e-01,-4.9254938960e-01
788,4.9317660928e-01,-4.9251735210e-01
789,4.9303379655e-01,-4.9166911840e-01
790,4.9248832464e-01,-4.9140495062e-01
791,4.9285805225e-01,-4.9133962393e-01
792,4.9314063787e-01,-4.9220377207e-01
793,4.9437215924e-01,-4.9291759729e-01
794,4.9467808008e-01,-4.9382331967e-01
795,4.9489137530e-01,-4.9415206909e-01
796,4.9402165413e-01,-4.9427345395e-01
797,4.9327841401e-01,-4.9339568615e-01
798,4.9209216237e-01,-4.9277690053e-01
799,4.9168744683e-01,-4.9186053872e-01
800,4.9171271920e-01,-4.9174147844e-01
801,4.9241179228e-01,-4.9175575376e-01
802,4.9269872904e-01,-4.9203684926e-01
803,4.9322494864e-01,-4.9150037766e-01
804,4.9293422699e-01,-4.9128931761e-01
805,4.9298259616e-01,-4.9072766304e-01
806,4.9293297529e-01,-4.9127173424e-01
807,4.9367085099e-01,-4.9203801155e-01
808,4.9386361241e-01,-4.9350783229e-01
809,4.9391767383e-01,-4.9409496784e-01
810,4.9303159118e-01,-4.9416700006e-01
811,4.9188709259e-01,-4.9311828613e-01
812,4.9062687159e-01,-4.9222359061e-01
813,4.9053338170e-01,-4.9072435498e-01
814,4.9054270983e-01,-4.9060517550e-01
815,4.9176687002e-01,-4.9090072513e-01
816,4.9298146367e-01,-4.9238282442e-01
817,4.9400019646e-01,-4.9332946539e-01
818,4.9384364486e-01,-4.9423336983e-01
819,4.9292162061e-01,-4.9423909187e-01
820,4.9164295197e-01,-4.9409452081e-01
821,4.9101525545e-01,-4.9286556244e-01
822,4.9036246538e-01,-4.9236667156e-01
823,4.9101471901e-01,-4.9158889055e-01
824,4.9159941077e-01,-4.9200820923e-01
825,4.9278584123e-01,-4.9227526784e-01
826,4.9310806394e-01,-4.9327281117e-01
827,4.9340608716e-01,-4.9309265614e-01
828,4.9266499281e-01,-4.9375742674e-01
829,4.9225521088e-01,-4.9334767461e-01
830,4.9161639810e-01,-4.9342104793e-01
831,4.9150025845e-01,-4.9289920926e-01
832,4.9086967111e-01,-4.9285432696e-01
833,4.9107718468e-01,-4.9240970612e-01
834,4.9088767171e-01,-4.9260091782e-01
835,4.9124801159e-01,-4.9243032932e-01
836,4.9125915766e-01,-4.9260991812e-01
837,4.9192506075e-01,-4.9251702428e-01
838,4.9203410745e-01,-4.9318665266e-01
839,4.9239826202e-01,-4.9294474721e-01
840,4.9220252037e-01,-4.9306362867e-01
841,4.9252307415e-01,-4.9257889390e-01
842,4.9228349328e-01,-4.9280077219e-01
843,4.9223941565e-01,-4.9272286892e-01
844,4.9171009660e-01,-4.9321249127e-01
845,4.9180036783e-01,-4.9310109019e-01
846,4.9146804214e-01,-4.9334177375e-01
847,4.9164703488e-01,-4.9295049906e-01
848,4.9140474200e-01,-4.9306151271e-01
849,4.9202060699e-01,-4.9218842387e-01
850,4.9211758375e-01,-4.9244102836e-01
851,4.9274349213e-01,-4.9232980609e-01
852,4.9282658100e-01,-4.9288576841e-01
853,4.9310803413e-01,-4.9271890521e-01
854,4.9236720800e-01,-4.9253746867e-01
855,4.9168059230e-01,-4.9175509810e-01
856,4.9100762606e-01,-4.9178770185e-01
857,4.9104937911e-01,-4.9181616306e-01
858,4.9117437005e-01,-4.9273797870e-01
859,4.9184730649e-01,-4.9304065108e-01
860,4.9110168219e-01,-4.9342936277e-01
861,4.9072805047e-01,-4.9275714159e-01
862,4.9014535546e-01,-4.9238586426e-01
863,4.9017924070e-01,-4.9186119437e-01
864,4.9062055349e-01,-4.9186858535e-01
865,4.9158617854e-01,-4.9161395431e-01
866,4.9184343219e-01,-4.9190011621e-01
867,4.9205595255e-01,-4.9120113254e-01
868,4.9163419008e-01,-4.9113804102e-01
869,4.9144753814e-01,-4.9086871743e-01
870,4.9112522602e-01,-4.9176606536e-01
871,4.9148032069e-01,-4.9225050211e-01
872,4.9110463262e-01,-4.9283015728e-01
873,4.9073150754e-01,-4.9206069112e-01
874,4.8993858695e-01,-4.9187013507e-01
875,4.9010592699e-01,-4.9134129286e-01
876,4.9032691121e-01,-4.9186396599e-01
877,4.9154368043e-01,-4.9209713936e-01
878,4.9211466312e-01,-4.9263253808e-01
879,4.9254658818e-01,-4.9271383882e-01
880,4.9191114306e-01,-4.9284332991e-01
881,4.9147009850e-01,-4.9250352383e-01
882,4.9042075872e-01,-4.9265521765e-01
883,4.8999491334e-01,-4.9218884110e-01
884,4.8938524723e-01,-4.9230185151e-01
885,4.8958715796e-01,-4.9188008904e-01
886,4.8960798979e-01,-4.9218282104e-01
887,4.9003884196e-01,-4.9184486270e-01
888,4.8998793960e-01,-4.9161663651e-01
889,4.9043357372e-01,-4.9081340432e-01
890,4.9044007063e-01,-4.9097231030e-01
891,4.9087932706e-01,-4.9083882570e-01
892,4.9087196589e-01,-4.9142396450e-01
893,4.9113816023e-01,-4.9134841561e-01
894,4.9077281356e-01,-4.9167042971e-01
895,4.9079594016e-01,-4.9194550514e-01
896,4.9028238654e-01,-4.9249234796e-01
897,4.9043932557e-01,-4.9247908592e-01
898,4.8992520571e-01,-4.9281290174e-01
899,4.8967537284e-01,-4.9244588614e-01
900,4.8919090629e-01,-4.9268820882e-01
901,4.8923909664e-01,-4.9247419834e-01
902,4.8893859982e-01,-4.9265310168e-01
903,4.8903405666e-01,-4.9226629734e-01
904,4.8888623714e-01,-4.9213227630e-01
905,4.8925733566e-01,-4.9136516452e-01
906,4.8949623108e-01,-4.9119502306e-01
907,4.9014970660e-01,-4.9091777205e-01
908,4.9069336057e-01,-4.9151888490e-01
909,4.9130561948e-01,-4.9146503210e-01
910,4.9142399430e-01,-4.9179729819e-01
911,4.9132663012e-01,-4.9151247740e-01
912,4.9073073268e-01,-4.9184310436e-01
913,4.9063837528e-01,-4.9178785086e-01
914,4.8992839456e-01,-4.9265590310e-01
915,4.9011030793e-01,-4.9273246527e-01
916,4.8965924978e-01,-4.9332651496e-01
917,4.8970830441e-01,-4.9292379618e-01
918,4.8942753673e-01,-4.9289065599e-01
919,4.8979726434e-01,-4.9236410856e-01
920,4.8965817690e-01,-4.9217715859e-01
921,4.9014866352e-01,-4.9157297611e-01
922,4.9005931616e-01,-4.9132347107e-01
923,4.9024981260e-01,-4.9110952020e-01
924,4.9006262422e-01,-4.9153739214e-01
925,4.9005001783e-01,-4.9181017280e-01
926,4.8952132463e-01,-4.9217936397e-01
927,4.8937341571e-01,-4.9150702357e-01
928,4.8852285743e-01,-4.9133124948e-01
929,4.8867166042e-01,-4.9096143246e-01
930,4.8868125677e-01,-4.9123808742e-01
931,4.8988679051e-01,-4.9112695456e-01
932,4.9059817195e-01,-4.9141305685e-01
933,4.9132645130e-01,-4.9158427119e-01
934,4.9109357595e-01,-4.9224618077e-01
935,4.9087506533e-01,-4.9246975780e-01
936,4.9005228281e-01,-4.9321845174e-01
937,4.8952460289e-01,-4.9302384257e-01
938,4.8852810264e-01,-4.9333551526e-01
939,4.8789605498e-01,-4.9275475740e-01
940,4.8715567589e-01,-4.9221587181e-01
941,4.8709011078e-01,-4.9106058478e-01
942,4.8705554008e-01,-4.9077561498e-01
943,4.8796805739e-01,-4.9047484994e-01
944,4.8878797889e-01,-4.9109038711e-01
945,4.8983851075e-01,-4.9137467146e-01
946,4.8981451988e-01,-4.9210363626e-01
947,4.8990812898e-01,-4.9178960919e-01
948,4.8956948519e-01,-4.9206471443e-01
949,4.8975095153e-01,-4.9164330959e-01
950,4.8989990354e-01,-4.9200490117e-01
951,4.9035981297e-01,-4.9181860685e-01
952,4.9026259780e-01,-4.9162453413e-01
953,4.9044522643e-01,-4.9125370383e-01
954,4.8991790414e-01,-4.9162018299e-01
955,4.9007311463e-01,-4.9192163348e-01
956,4.8986640573e-01,-4.9227133393e-01
957,4.8984211683e-01,-4.9186459184e-01
958,4.8925262690e-01,-4.9204578996e-01
959,4.8904222250e-01,-4.9149674177e-01
960,4.8859697580e-01,-4.9145978689e-01
961,4.8874920607e-01,-4.9096065760e-01
962,4.8863065243e-01,-4.9098932743e-01
963,4.8907560110e-01,-4.9126544595e-01
964,4.8907819390e-01,-4.9196860194e-01
965,4.8983433843e-01,-4.9263259768e-01
966,4.8986503482e-01,-4.9339127541e-01
967,4.9008691311e-01,-4.9336445332e-01
968,4.8957857490e-01,-4.9359774590e-01
969,4.8933163285e-01,-4.9248844385e-01
970,4.8888754845e-01,-4.9186637998e-01
971,4.8898470402e-01,-4.9077674747e-01
972,4.8855546117e-01,-4.9080020189e-01
973,4.8875212669e-01,-4.9051192403e-01
974,4.8868441582e-01,-4.9124643207e-01
975,4.8904383183e-01,-4.9148660898e-01
976,4.8865339160e-01,-4.9200865626e-01
977,4.8881334066e-01,-4.9146440625e-01
978,4.8845145106e-01,-4.9116262794e-01
979,4.8827156425e-01,-4.9011799693e-01
980,4.8778316379e-01,-4.9000084400e-01
981,4.8804882169e-01,-4.9010652304e-01
982,4.8846527934e-01,-4.9111127853e-01
983,4.8866561055e-01,-4.9217095971e-01
984,4.8775297403e-01,-4.9299135804e-01
985,4.8714041710e-01,-4.9299502373e-01
986,4.8652300239e-01,-4.9339127541e-01
987,4.8678773642e-01,-4.9308076501e-01
988,4.8704847693e-01,-4.9309489131e-01
989,4.8777872324e-01,-4.9234265089e-01
990,4.8787915707e-01,-4.9164080620e-01
991,4.8814991117e-01,-4.9061268568e-01
992,4.8821145296e-01,-4.9022567272e-01
993,4.8857840896e-01,-4.8988184333e-01
994,4.8857551813e-01,-4.9000748992e-01
995,4.8891869187e-01,-4.8983916640e-01
996,4.8844009638e-01,-4.9003675580e-01
997,4.8814454675e-01,-4.8986640573e-01
998,4.8777747154e-01,-4.9055454135e-01
999,4.8807275295e-01,-4.9080839753e-01
