step,vx_300_100,vy_300_100,pressure_300_100,Cd,Cl
0,0.0000000000e+00,0.0000000000e+00,0.0000000000e+00,0.0000000000e+00,0.0000000000e+00
1,4.9072813988e+00,-1.0000000475e-03,9.7099562500e+05,2.8609323120e+02,-7.5925923884e-03
2,5.0469784737e+00,6.6818029154e-04,2.8653535156e+04,1.8622341156e+01,-3.1018517911e-03
3,5.0352048874e+00,5.0722889137e-04,-2.3908410645e+03,1.3824930191e+01,-1.1617477285e-03
4,5.0231609344e+00,3.4883467015e-04,-2.4539599609e+03,1.2991817474e+01,-1.0358795989e-03
5,5.0110297203e+00,1.8108628865e-04,-2.4788061523e+03,1.2492584229e+01,-1.1747685494e-03
6,4.9989266396e+00,1.4919496607e-05,-2.4812556152e+03,1.2312384605e+01,-1.4192708768e-03
7,4.9869313240e+00,-1.6192661133e-04,-2.4631789551e+03,1.2328275681e+01,-1.5075231204e-03
8,4.9752411842e+00,-3.6009939504e-04,-2.4129575195e+03,1.2501112938e+01,-1.3165508863e-03
9,4.9655694962e+00,-5.9225340374e-04,-2.0504650879e+03,1.2747563362e+01,-1.1733217398e-03
10,4.9656162262e+00,-4.2647539522e-04,7.9546310425e+01,1.3030141830e+01,-1.3592303731e-03
11,4.9667043686e+00,-2.6341137709e-04,3.0070120239e+02,1.3228932381e+01,-1.9466145895e-03
12,4.9680871964e+00,-1.1858906510e-04,3.5285772705e+02,1.3386669159e+01,-2.1961806342e-03
13,4.9696211815e+00,-1.7301434127e-05,3.6954556274e+02,1.3516030312e+01,-2.4775753263e-03
14,4.9712734222e+00,4.3248419388e-05,3.7155447388e+02,1.3562495232e+01,-2.7792244218e-03
15,4.9730191231e+00,6.0002843384e-05,3.6850088501e+02,1.3547177315e+01,-3.0873841606e-03
16,4.9748730659e+00,5.4297383031e-05,3.6769439697e+02,1.3487117767e+01,-3.3080149442e-03
17,4.9768509865e+00,3.7369281927e-06,3.7298657227e+02,1.3366979599e+01,-3.5944734700e-03
18,4.9789719582e+00,-5.1643917686e-05,3.8735351562e+02,1.3218732834e+01,-3.7644675467e-03
19,4.9812598228e+00,-1.4199280122e-04,4.1115365601e+02,1.3070840836e+01,-3.9228876121e-03
20,4.9837117195e+00,-2.0294295973e-04,4.4258602905e+02,1.2928565979e+01,-4.0198205970e-03
21,4.9863409996e+00,-2.6718492154e-04,4.8207800293e+02,1.2820698738e+01,-4.0979455225e-03
22,4.9891467094e+00,-3.1017343281e-04,5.2701538086e+02,1.2715658188e+01,-4.0516494773e-03
23,4.9921178818e+00,-2.9374557198e-04,5.7091198730e+02,1.2624938965e+01,-3.9800344966e-03
24,4.9952573776e+00,-3.7868841900e-04,6.1651916504e+02,1.2552286148e+01,-3.8339120802e-03
25,4.9985184669e+00,-3.1672447221e-04,6.5850079346e+02,1.2477219582e+01,-3.6624709610e-03
26,5.0018701553e+00,-2.6775215520e-04,6.9286724854e+02,1.2397665977e+01,-3.4512442071e-03
27,5.0052847862e+00,-1.9338665879e-04,7.2145306396e+02,1.2318446159e+01,-3.1843171455e-03
28,5.0087261200e+00,-6.0891943576e-05,7.4095587158e+02,1.2227725983e+01,-2.9636863619e-03
29,5.0121917725e+00,-5.0651688071e-05,7.5110479736e+02,1.2136053085e+01,-2.7727140114e-03
30,5.0155372620e+00,1.3319554273e-04,7.5157067871e+02,1.2046092033e+01,-2.6822916698e-03
31,5.0188937187e+00,2.1232712606e-04,7.4345104980e+02,1.1957945824e+01,-2.6866318658e-03
32,5.0220060349e+00,3.0110639636e-04,7.1951031494e+02,1.1880784035e+01,-2.7560763992e-03
33,5.0249834061e+00,4.5726107783e-04,6.8087774658e+02,1.1802155495e+01,-2.8190105222e-03
34,5.0276474953e+00,5.5862194858e-04,6.1531030273e+02,1.1732637405e+01,-2.9325811192e-03
35,5.0296635628e+00,6.1372487107e-04,4.6497018433e+02,1.1653350830e+01,-3.0302372761e-03
36,5.0296902657e+00,5.8509991504e-04,2.3682437897e+01,1.1591171265e+01,-3.1257234514e-03
37,5.0292410851e+00,5.4334261222e-04,-7.5310585022e+01,1.1520160675e+01,-3.2790799160e-03
38,5.0284242630e+00,4.9776566448e-04,-1.4768035889e+02,1.1455253601e+01,-3.4020543098e-03
39,5.0273327827e+00,4.4406147208e-04,-2.0240438843e+02,1.1395865440e+01,-3.5293691326e-03
40,5.0260548592e+00,3.7913644337e-04,-2.4319290161e+02,1.1343011856e+01,-3.6263021175e-03
41,5.0246162415e+00,3.2570434269e-04,-2.7447921753e+02,1.1292618752e+01,-3.7008102518e-03
42,5.0230998993e+00,2.5770190405e-04,-2.9528967285e+02,1.1238465309e+01,-3.7499999162e-03
43,5.0214900970e+00,1.7978667165e-04,-3.1161776733e+02,1.1184919357e+01,-3.7702545524e-03
44,5.0198106766e+00,1.7452199245e-04,-3.2072848511e+02,1.1138332367e+01,-3.8122106344e-03
45,5.0180921555e+00,1.3821615721e-04,-3.2742538452e+02,1.1072659492e+01,-3.8151042536e-03
46,5.0162539482e+00,1.4126618044e-04,-3.3102285767e+02,1.1020194054e+01,-3.7991898134e-03
47,5.0145153999e+00,2.1923702661e-05,-3.3085226440e+02,1.0991619110e+01,-3.7890626118e-03
48,5.0125970840e+00,-1.9803184841e-05,-3.3384356689e+02,1.0976854324e+01,-3.7478299346e-03
49,5.0107669830e+00,-2.1909312636e-05,-3.2842520142e+02,1.0923916817e+01,-3.6877894308e-03
50,5.0088400841e+00,-3.5842473153e-05,-3.3238641357e+02,1.0852087021e+01,-3.6277489271e-03
51,5.0069742203e+00,-3.7364043237e-05,-3.3238641357e+02,1.0852087021e+01,-3.6277489271e-03
52,5.0049490929e+00,-4.7486064432e-06,-3.2428497314e+02,1.0676634789e+01,-3.4027777147e-03
53,5.0030450821e+00,-1.2995468569e-04,-3.2755950928e+02,1.0758934021e+01,-3.3543114550e-03
54,5.0008139610e+00,1.7279120220e-04,-3.2187265015e+02,1.0729215622e+01,-3.1459780876e-03
55,4.9991307259e+00,-1.0132324678e-04,-3.1473571777e+02,1.0670109749e+01,-3.0034722295e-03
56,4.9970593452e+00,8.8324726676e-05,-3.1429101562e+02,1.0644250870e+01,-2.8146700934e-03
57,4.9950399399e+00,-2.5755524985e-04,-3.1301733398e+02,1.0551301003e+01,-2.5318285916e-03
58,4.9930419922e+00,-4.0228384023e-05,-3.1078857422e+02,1.0542507172e+01,-2.3090278264e-03
59,4.9907674789e+00,-4.9476624554e-05,-3.1078857422e+02,1.0542507172e+01,-2.3090278264e-03
60,4.9895958900e+00,-3.0874842196e-04,-2.7786575317e+02,1.0379120827e+01,-1.3628471643e-03
61,4.9870500565e+00,1.1870936723e-03,-3.0025625610e+02,1.0495127678e+01,-1.2637441978e-03
62,4.9849853516e+00,-1.2906739721e-04,-3.0419998169e+02,1.0473006248e+01,-9.2592590954e-04
63,4.9822998047e+00,-5.1897391677e-04,-2.9370080566e+02,1.0399094582e+01,-8.5648149252e-04
64,4.9809389114e+00,-4.9952993868e-04,-2.7540478516e+02,1.0339371681e+01,-5.8304396225e-04
65,4.9789719582e+00,8.3722581621e-05,-2.8060614014e+02,1.0297878265e+01,-8.6082174676e-05
66,4.9760203362e+00,-5.1149766659e-04,-2.5857385254e+02,1.0298593521e+01,6.8938080221e-04
67,4.9750294685e+00,-1.4257720613e-04,-2.7046319580e+02,1.0288991928e+01,1.2398726540e-03
68,4.9737625122e+00,-1.6877836606e-04,-2.7046319580e+02,1.0288991928e+01,1.2398726540e-03
69,4.9700627327e+00,6.2524725217e-04,-2.4306091309e+02,1.0119313240e+01,2.3734085262e-03
70,4.9680786133e+00,-3.8715681876e-04,-2.2218756104e+02,1.0279336929e+01,2.5209779851e-03
71,4.9651598930e+00,-8.2001980627e-04,-2.2795808411e+02,1.0277460098e+01,2.7821180411e-03
72,4.9633493423e+00,-4.5275030425e-04,-1.9196836853e+02,1.0166468620e+01,3.1228298321e-03
73,4.9601225853e+00,-1.4286878286e-03,-1.7144364929e+02,1.0134015083e+01,3.5329861566e-03
74,4.9584412575e+00,-1.0567932623e-04,-1.5275325012e+02,1.0122568130e+01,4.1702836752e-03
75,4.9560651779e+00,-5.3345703054e-04,-1.5075279236e+02,1.0081491470e+01,4.3930844404e-03
76,4.9537935257e+00,-6.0610845685e-04,-8.7549949646e+01,1.0113429070e+01,4.8177083954e-03
77,4.9506812096e+00,-7.0913153468e-04,-8.7549949646e+01,1.0113429070e+01,4.8177083954e-03
78,4.9464879036e+00,-1.4080945402e-03,-1.1977552032e+02,9.9873752594e+00,5.4882811382e-03
79,4.9432888031e+00,-1.5419871779e-03,-1.1977552032e+02,9.9873752594e+00,5.4882811382e-03
80,4.9377641678e+00,-1.3396427967e-03,5.2721395493e+00,1.0021988869e+01,5.3009260446e-03
81,4.9359135628e+00,-1.5987239312e-03,1.0283108711e+01,1.0006550789e+01,5.0361691974e-03
82,4.9291868210e+00,-2.0234335680e-03,3.1200288773e+01,9.9676971436e+00,5.2177370526e-03
83,4.9241595268e+00,-1.6856243601e-03,6.1033950806e+01,9.9611444473e+00,5.2907988429e-03
84,4.9172425270e+00,-1.9104073290e-03,6.1033950806e+01,9.9611444473e+00,5.2907988429e-03
85,4.9085259438e+00,-2.8698467650e-03,9.4865699768e+01,9.7759141922e+00,4.5247394592e-03
86,4.8998494148e+00,-2.9631608631e-03,1.4289456177e+02,9.9322052002e+00,4.3778936379e-03
87,4.8883848190e+00,-3.4995148890e-03,1.4289456177e+02,9.9322052002e+00,4.3778936379e-03
88,4.8738865852e+00,-4.1120843962e-03,1.4289456177e+02,9.9322052002e+00,4.3778936379e-03
89,4.8562521935e+00,-5.2275015041e-03,1.5725401306e+02,9.5679979324e+00,1.6825810308e-03
90,4.8359847069e+00,-5.0007659011e-03,1.9823512268e+02,9.9007759094e+00,1.9947192632e-03
91,4.8113727570e+00,-5.6722736917e-03,1.9823512268e+02,9.9007759094e+00,1.9947192632e-03
92,4.7858810425e+00,-7.5434213504e-03,3.0155059814e+02,9.7079820633e+00,-9.1037328821e-04
93,4.7532515526e+00,-7.4942195788e-03,2.5314836121e+02,9.7491340637e+00,-9.5703126863e-04
94,4.7165217400e+00,-8.1030679867e-03,2.5314836121e+02,9.7491340637e+00,-9.5703126863e-04
95,4.6834187508e+00,-9.2743840069e-03,3.9289205933e+02,9.7466316223e+00,-3.8538048975e-03
96,4.6396522522e+00,-9.1822557151e-03,2.3832232666e+02,9.6740360260e+00,-4.3956162408e-03
97,4.5939674377e+00,-9.4452025369e-03,2.3832232666e+02,9.6740360260e+00,-4.3956162408e-03
98,4.5476088524e+00,-9.7126858309e-03,2.3832232666e+02,9.6740360260e+00,-4.3956162408e-03
99,4.5101637840e+00,-1.0057535022e-02,5.3643450928e+02,9.7388277054e+00,-1.0800419375e-02
100,4.4710421562e+00,-1.0107615031e-02,5.3643450928e+02,9.7388277054e+00,-1.0800419375e-02
101,4.4218502045e+00,-1.1045112275e-02,1.3076776123e+02,9.6413516998e+00,-1.0708549991e-02
102,4.3773932457e+00,-1.0125882924e-02,3.2176181030e+02,9.6322822571e+00,-1.3033492491e-02
103,4.3331651688e+00,-9.4973389059e-03,3.2176181030e+02,9.6322822571e+00,-1.3033492491e-02
104,4.2918310165e+00,-1.0014478117e-02,2.6747808838e+02,9.5381469727e+00,-1.5886863694e-02
105,4.2521386147e+00,-1.0405980051e-02,2.6747808838e+02,9.5381469727e+00,-1.5886863694e-02
106,4.2073426247e+00,-1.0015876032e-02,3.5306204224e+02,9.6842012405e+00,-1.7323857173e-02
107,4.1626753807e+00,-9.4544794410e-03,3.5306204224e+02,9.6842012405e+00,-1.7323857173e-02
108,4.1290059090e+00,-1.0199179873e-02,2.2925234985e+02,9.4661569595e+00,-2.0372539759e-02
109,4.0894479752e+00,-9.8674669862e-03,2.8651712036e+02,9.6004123688e+00,-1.9695818424e-02
110,4.0506610870e+00,-9.3444958329e-03,2.8651712036e+02,9.6004123688e+00,-1.9695818424e-02
111,4.0127434731e+00,-8.5946554318e-03,2.8651712036e+02,9.6004123688e+00,-1.9695818424e-02
112,3.9760007858e+00,-7.5829406269e-03,2.8651712036e+02,9.6004123688e+00,-1.9695818424e-02
113,3.9405000210e+00,-6.5105282702e-03,2.8651712036e+02,9.6004123688e+00,-1.9695818424e-02
114,3.9168102741e+00,-7.9573579133e-03,3.7823663330e+02,9.1598825455e+00,-2.4592736736e-02
115,3.8827266693e+00,-9.0093500912e-03,2.1456713867e+02,9.6392564774e+00,-1.8494285643e-02
116,3.8529880047e+00,-8.6936987936e-03,2.5177792358e+02,9.5475301743e+00,-1.8550347537e-02
117,3.8218662739e+00,-8.2407006994e-03,2.2496333313e+02,9.5074138641e+00,-1.6855468974e-02
118,3.7915983200e+00,-7.9873111099e-03,2.2496333313e+02,9.5074138641e+00,-1.6855468974e-02
119,3.7656798363e+00,-7.2857877240e-03,2.7405581665e+02,9.4101219177e+00,-1.2809244916e-02
120,3.7404303551e+00,-6.5566110425e-03,2.7405581665e+02,9.4101219177e+00,-1.2809244916e-02
121,3.7073433399e+00,-7.6448847540e-03,1.1184802246e+02,9.5008640289e+00,-9.0599684045e-03
122,3.6852722168e+00,-6.4083365723e-03,1.9957876587e+02,9.4825792313e+00,-4.8690685071e-03
123,3.6633815765e+00,-5.6554288603e-03,1.9957876587e+02,9.4825792313e+00,-4.8690685071e-03
124,3.6317214966e+00,-7.6949694194e-03,-4.0026426315e+00,9.3193702698e+00,2.6435907930e-03
125,3.6098914146e+00,-6.9543169811e-03,1.2682783508e+02,9.4155426025e+00,4.6516926959e-03
126,3.5881450176e+00,-6.2783719040e-03,1.2682783508e+02,9.4155426025e+00,4.6516926959e-03
127,3.5664973259e+00,-5.6687104516e-03,1.2682783508e+02,9.4155426025e+00,4.6516926959e-03
128,3.5450930595e+00,-5.1215286367e-03,1.2682783508e+02,9.4155426025e+00,4.6516926959e-03
129,3.5241229534e+00,-4.6273651533e-03,1.2682783508e+02,9.4155426025e+00,4.6516926959e-03
130,3.5021719933e+00,-4.6276072972e-03,-3.0894763184e+02,9.1116437912e+00,5.5576533079e-02
131,3.4831187725e+00,-4.2530503124e-03,-5.1761989594e+01,9.4579887390e+00,3.3440753818e-02
132,3.4650678635e+00,-3.9873146452e-03,-5.1761989594e+01,9.4579887390e+00,3.3440753818e-02
133,3.4480271339e+00,-3.7696494255e-03,-5.1761989594e+01,9.4579887390e+00,3.3440753818e-02
134,3.4306452274e+00,-3.7066771183e-03,-2.2789697647e+01,9.1723928452e+00,6.2643587589e-02
135,3.4136819839e+00,-3.4914717544e-03,-2.2789697647e+01,9.1723928452e+00,6.2643587589e-02
136,3.3956847191e+00,-3.3373543993e-03,-1.4370854187e+02,9.4875373840e+00,5.3387586027e-02
137,3.3783035278e+00,-3.1913870480e-03,-1.4370854187e+02,9.4875373840e+00,5.3387586027e-02
138,3.3644692898e+00,-3.4831769299e-03,-2.2606231689e+02,9.0652971268e+00,8.3244718611e-02
139,3.3489620686e+00,-2.8602438979e-03,-2.0827784729e+02,9.2763109207e+00,7.2879053652e-02
140,3.3337574005e+00,-2.2238395177e-03,-2.0827784729e+02,9.2763109207e+00,7.2879053652e-02
141,3.3189234734e+00,-1.6739413841e-03,-2.0827784729e+02,9.2763109207e+00,7.2879053652e-02
142,3.3088264465e+00,-2.2917045280e-03,-3.7182147217e+02,9.2172298431e+00,9.3697912991e-02
143,3.2952718735e+00,-2.1602364723e-03,-2.8281671143e+02,9.1957187653e+00,8.5355542600e-02
144,3.2826881409e+00,-1.7957038945e-03,-2.8281671143e+02,9.1957187653e+00,8.5355542600e-02
145,3.2741193771e+00,-1.0861064075e-03,-3.6742044067e+02,9.3393468857e+00,8.3020836115e-02
146,3.2662312984e+00,-1.2114956044e-03,-3.6885961914e+02,9.3226232529e+00,8.3829574287e-02
147,3.2595584393e+00,-1.3616600772e-03,-3.6885961914e+02,9.3226232529e+00,8.3829574287e-02
148,3.2473316193e+00,-2.0045728888e-04,-1.7787965393e+02,8.8203592300e+00,7.9724028707e-02
149,3.2407145500e+00,7.4468582170e-05,-3.0515606689e+02,9.2206411362e+00,7.5654655695e-02
150,3.2344233990e+00,2.4225385278e-04,-3.0515606689e+02,9.2206411362e+00,7.5654655695e-02
151,3.2284893990e+00,3.9318046765e-04,-3.0515606689e+02,9.2206411362e+00,7.5654655695e-02
152,3.2229132652e+00,5.6602770928e-04,-3.0515606689e+02,9.2206411362e+00,7.5654655695e-02
153,3.2177000046e+00,7.7557540499e-04,-3.0515606689e+02,9.2206411362e+00,7.5654655695e-02
154,3.2128808498e+00,1.0210586479e-03,-3.0515606689e+02,9.2206411362e+00,7.5654655695e-02
155,3.1967904568e+00,1.3730244245e-03,-3.3967736816e+02,8.7274646759e+00,-3.3353228122e-02
156,3.1935026646e+00,1.4330024133e-03,-3.4233212280e+02,9.2568950653e+00,8.7579572573e-03
157,3.1907150745e+00,1.5997438459e-03,-3.4233212280e+02,9.2568950653e+00,8.7579572573e-03
158,3.1808156967e+00,1.6337174457e-03,-4.0429714966e+02,9.0091533661e+00,-3.7042461336e-02
159,3.1716287136e+00,1.6858529998e-03,-4.0429714966e+02,9.0091533661e+00,-3.7042461336e-02
160,3.1743683815e+00,1.7632941017e-03,-8.5423576355e+01,9.2396669388e+00,-6.5904587507e-02
161,3.1763231754e+00,1.7617180711e-03,-8.5423576355e+01,9.2396669388e+00,-6.5904587507e-02
162,3.1658544540e+00,6.7834241781e-04,-4.7510150146e+02,8.8655166626e+00,-1.0940574110e-01
163,3.1616866589e+00,6.1227090191e-04,-2.0610926819e+02,9.1084690094e+00,-1.1853154004e-01
164,3.1571381092e+00,5.0518510398e-04,-2.0610926819e+02,9.1084690094e+00,-1.1853154004e-01
165,3.1521975994e+00,2.9024470132e-04,-2.0610926819e+02,9.1084690094e+00,-1.1853154004e-01
166,3.1469285488e+00,-7.0405658334e-06,-2.0610926819e+02,9.1084690094e+00,-1.1853154004e-01
167,3.1413547993e+00,-3.6420891411e-04,-2.0610926819e+02,9.1084690094e+00,-1.1853154004e-01
168,3.1355063915e+00,-7.6732959133e-04,-2.0610926819e+02,9.1084690094e+00,-1.1853154004e-01
169,3.1357557774e+00,-1.9223858835e-03,-4.0541375732e+02,8.6892070770e+00,-4.2908275127e-01
170,3.1323928833e+00,-1.5562223271e-03,-1.4123632812e+02,9.2804422379e+00,-2.5499314070e-01
171,3.1285998821e+00,-3.1522763893e-03,-1.4082691956e+02,9.1946916580e+00,-2.6343569160e-01
172,3.1259286404e+00,-4.0643461980e-03,-1.4082691956e+02,9.1946916580e+00,-2.6343569160e-01
173,3.1236755848e+00,-4.8320582137e-03,-1.4082691956e+02,9.1946916580e+00,-2.6343569160e-01
174,3.1184668541e+00,-4.9205464311e-03,-3.9693576813e+01,8.9728965759e+00,-3.8927879930e-01
175,3.1128137112e+00,-5.8191390708e-03,-3.9693576813e+01,8.9728965759e+00,-3.8927879930e-01
176,3.1088516712e+00,-7.3131369427e-03,-2.0251791382e+02,9.1300792694e+00,-3.0686235428e-01
177,3.1031227112e+00,-9.6355387941e-03,-4.6316707611e+01,9.0635290146e+00,-3.2776549459e-01
178,3.0983495712e+00,-1.1136366986e-02,-4.6316707611e+01,9.0635290146e+00,-3.2776549459e-01
179,3.0988442898e+00,-1.0987089016e-02,-2.6680492401e+01,8.9364662170e+00,-3.8796439767e-01
180,3.0990788937e+00,-1.1543821543e-02,-2.6680492401e+01,8.9364662170e+00,-3.8796439767e-01
181,3.0932140350e+00,-1.2509324588e-02,-1.0555866241e+01,9.1909255981e+00,-3.3199217916e-01
182,3.0960328579e+00,-1.3948224485e-02,-1.5588282585e+01,9.2194032669e+00,-3.1837022305e-01
183,3.1001021862e+00,-1.4957490377e-02,-1.5588282585e+01,9.2194032669e+00,-3.1837022305e-01
184,3.1049883366e+00,-1.5843916684e-02,-1.5588282585e+01,9.2194032669e+00,-3.1837022305e-01
185,3.1106433868e+00,-1.6664184630e-02,-1.5588282585e+01,9.2194032669e+00,-3.1837022305e-01
186,3.0996870995e+00,-1.7254231498e-02,6.1091091156e+01,8.9278068542e+00,-2.1205331385e-01
187,3.0894265175e+00,-1.7666354775e-02,6.1091091156e+01,8.9278068542e+00,-2.1205331385e-01
188,3.1038775444e+00,-1.7803715542e-02,2.4118188477e+02,9.3884153366e+00,-1.4651295543e-01
189,3.1037347317e+00,-1.8935803324e-02,1.9412390137e+02,9.1534719467e+00,-9.1870658100e-02
190,3.1044967175e+00,-1.9438594580e-02,1.9412390137e+02,9.1534719467e+00,-9.1870658100e-02
191,3.1117923260e+00,-1.8452992663e-02,3.6403170776e+02,9.0820465088e+00,5.3920717910e-03
192,3.1181223392e+00,-1.7613973469e-02,3.6403170776e+02,9.0820465088e+00,5.3920717910e-03
193,3.1169707775e+00,-1.5247344039e-02,-1.0017235756e+01,9.2291612625e+00,1.4470666647e-01
194,3.1221530437e+00,-1.7083762214e-02,2.7255172729e+02,9.2091388702e+00,1.9910807908e-01
195,3.1288962364e+00,-1.6610048711e-02,2.7255172729e+02,9.2091388702e+00,1.9910807908e-01
196,3.1243069172e+00,-1.1885464191e-02,-2.1194622040e+01,9.2979364395e+00,3.7885308266e-01
197,3.1172766685e+00,-9.0530756861e-03,-2.1194622040e+01,9.2979364395e+00,3.7885308266e-01
198,3.1248016357e+00,-6.7079761066e-03,5.1240069580e+02,9.1589565277e+00,5.1456707716e-01
199,3.1291396618e+00,-3.8030915894e-03,5.1240069580e+02,9.1589565277e+00,5.1456707716e-01
200,3.1152098179e+00,-4.4339196756e-03,-4.7764549255e+01,9.3511009216e+00,6.8254667521e-01
201,3.1101176739e+00,8.3832599921e-04,3.5699090576e+02,9.2091989517e+00,7.0093715191e-01
202,3.1032464504e+00,5.5217673071e-03,3.5699090576e+02,9.2091989517e+00,7.0093715191e-01
203,3.0968918800e+00,1.0123848915e-02,3.5699090576e+02,9.2091989517e+00,7.0093715191e-01
204,3.0965623856e+00,1.4693002217e-02,6.6343086243e+01,9.3756875992e+00,1.1480950117e+00
205,3.0988976955e+00,1.9805332646e-02,6.6343086243e+01,9.3756875992e+00,1.1480950117e+00
206,3.0926804543e+00,2.7660561725e-02,5.3627020264e+02,9.2582693100e+00,9.7116500139e-01
207,3.0953068733e+00,3.2338485122e-02,2.4491789246e+02,9.4126825333e+00,1.1298766136e+00
208,3.1012167931e+00,3.8131356239e-02,2.4491789246e+02,9.4126825333e+00,1.1298766136e+00
209,3.1095600128e+00,4.4299993664e-02,2.4491789246e+02,9.4126825333e+00,1.1298766136e+00
210,3.1073148251e+00,5.2262879908e-02,3.3976431274e+02,9.3897876740e+00,1.3984783888e+00
211,3.1065587997e+00,5.9181734920e-02,3.3976431274e+02,9.3897876740e+00,1.3984783888e+00
212,3.1304364204e+00,6.3391849399e-02,2.1755813599e+02,9.4905147552e+00,1.1935261488e+00
213,3.1434516907e+00,6.9690108299e-02,2.1848867798e+02,9.4096603394e+00,1.2785738707e+00
214,3.1583056450e+00,7.4651777744e-02,2.1848867798e+02,9.4096603394e+00,1.2785738707e+00
215,3.1851024628e+00,7.7583380044e-02,2.2508096313e+02,9.4952993393e+00,1.3143110275e+00
216,3.2147276402e+00,8.0533772707e-02,2.2508096313e+02,9.4952993393e+00,1.3143110275e+00
217,3.2282028198e+00,8.3717122674e-02,5.2185092926e+01,9.3773899078e+00,1.1489800215e+00
218,3.2429180145e+00,8.5916921496e-02,5.2185092926e+01,9.3773899078e+00,1.1489800215e+00
219,3.2846252918e+00,8.6524784565e-02,3.7337692261e+02,9.6441516876e+00,1.0331741571e+00
220,3.3100385666e+00,8.6726106703e-02,6.6698295593e+01,9.4993124008e+00,9.6655744314e-01
221,3.3354289532e+00,8.6112938821e-02,6.6698295593e+01,9.4993124008e+00,9.6655744314e-01
222,3.3605296612e+00,8.4913842380e-02,6.6698295593e+01,9.4993124008e+00,9.6655744314e-01
223,3.3921134472e+00,8.0796636641e-02,3.4374472046e+02,9.6002912521e+00,3.9754953980e-01
224,3.4213218689e+00,7.6325438917e-02,3.4374472046e+02,9.6002912521e+00,3.9754953980e-01
225,3.4341170788e+00,6.9358363748e-02,-2.5105580139e+02,9.4055109024e+00,3.6986473203e-01
226,3.4545521736e+00,6.4409911633e-02,1.6739724731e+02,9.5688428879e+00,1.2360893935e-01
227,3.4699425697e+00,5.7717639953e-02,1.6739724731e+02,9.5688428879e+00,1.2360893935e-01
228,3.4758236408e+00,4.6484254301e-02,-2.1695979309e+02,9.5204124451e+00,-3.3684894443e-01
229,3.4776718616e+00,3.4720771015e-02,-2.1695979309e+02,9.5204124451e+00,-3.3684894443e-01
230,3.4775402546e+00,2.3336878046e-02,3.1488720703e+02,9.7077341080e+00,-6.4759260416e-01
231,3.4688003063e+00,1.0261473246e-02,3.1488720703e+02,9.7077341080e+00,-6.4759260416e-01
232,3.4525282383e+00,-9.5629589632e-03,-4.9475946045e+02,9.5614204407e+00,-1.1845479012e+00
233,3.4281506538e+00,-2.8821302578e-02,-2.6820222855e+01,9.6977863312e+00,-1.2302004099e+00
234,3.3961832523e+00,-4.9098595977e-02,-2.6820222855e+01,9.6977863312e+00,-1.2302004099e+00
235,3.3615899086e+00,-7.2216421366e-02,-2.5474702454e+02,9.7616691589e+00,-1.7873940468e+00
236,3.3246295452e+00,-9.5362573862e-02,-2.5474702454e+02,9.7616691589e+00,-1.7873940468e+00
237,3.2828919888e+00,-1.1481130868e-01,7.7674774170e+01,9.8447904587e+00,-1.9759234190e+00
238,3.2430760860e+00,-1.3434834778e-01,7.7674774170e+01,9.8447904587e+00,-1.9759234190e+00
239,3.2201883793e+00,-1.5783001482e-01,-3.8450286865e+02,9.9039049149e+00,-2.4460325241e+00
240,3.2117111683e+00,-1.7776787281e-01,-3.8450286865e+02,9.9039049149e+00,-2.4460325241e+00
241,3.2028079033e+00,-1.9077979028e-01,1.2239736557e+01,1.0067506790e+01,-2.4783587456e+00
242,3.2196946144e+00,-2.0688945055e-01,-2.2450794983e+02,1.0064053535e+01,-2.5638039112e+00
243,3.2571094036e+00,-2.1981738508e-01,-2.2450794983e+02,1.0064053535e+01,-2.5638039112e+00
244,3.3087909222e+00,-2.2738674283e-01,-1.6984762573e+02,1.0144890785e+01,-2.7267758846e+00
245,3.3798444271e+00,-2.3271006346e-01,-1.6984762573e+02,1.0144890785e+01,-2.7267758846e+00
246,3.4798948765e+00,-2.3763477802e-01,-2.2167091370e+02,1.0272150040e+01,-2.4568591118e+00
247,3.5851790905e+00,-2.3643712699e-01,-1.7826278687e+02,1.0244688988e+01,-2.4316673279e+00
248,3.7018053532e+00,-2.3541343212e-01,-2.2333050537e+02,1.0314712524e+01,-2.3197171688e+00
249,3.8171308041e+00,-2.3264107108e-01,-1.9430004883e+02,1.0316117287e+01,-2.1518952847e+00
250,3.9311056137e+00,-2.2945249081e-01,-2.1350817871e+02,1.0362195015e+01,-1.9185575247e+00
251,4.0346426964e+00,-2.2631129622e-01,-1.9638325500e+02,1.0390431404e+01,-1.6676374674e+00
252,4.1292171478e+00,-2.2361433506e-01,-2.0315057373e+02,1.0414450645e+01,-1.3707005978e+00
253,4.2102518082e+00,-2.2168545425e-01,-1.9507856750e+02,1.0443325043e+01,-1.0413812399e+00
254,4.2801957130e+00,-2.2045235336e-01,-1.9321365356e+02,1.0474321365e+01,-6.7347943783e-01
255,4.3383488655e+00,-2.1975715458e-01,-1.8754611206e+02,1.0500329971e+01,-2.7926576138e-01
256,4.3865723610e+00,-2.1932861209e-01,-1.8060375977e+02,1.0535161018e+01,1.3917028904e-01
257,4.4251794815e+00,-2.1871322393e-01,-1.7223864746e+02,1.0571713448e+01,5.7263022661e-01
258,4.4549818039e+00,-2.1753263474e-01,-1.6093115234e+02,1.0619552612e+01,1.0145030022e+00
259,4.4761972427e+00,-2.1546679735e-01,-1.5071662903e+02,1.0682243347e+01,1.4557678699e+00
260,4.4890198708e+00,-2.1208582819e-01,-1.3846018982e+02,1.0766514778e+01,1.8884979486e+00
261,4.4932651520e+00,-2.0687417686e-01,-1.2726274872e+02,1.0870181084e+01,2.3049869537e+00
262,4.4886002541e+00,-1.9925577939e-01,-1.1638993835e+02,1.0993840218e+01,2.6945941448e+00
263,4.4744091034e+00,-1.8832892179e-01,-1.0706398773e+02,1.1139015198e+01,3.0470800400e+00
264,4.4497756958e+00,-1.7286358774e-01,-1.0004213715e+02,1.1301463127e+01,3.3494288921e+00
265,4.4134902954e+00,-1.5140551329e-01,-9.5026878357e+01,1.1478053093e+01,3.5922338963e+00
266,4.3639440536e+00,-1.2217659503e-01,-9.2440063477e+01,1.1659132957e+01,3.7604575157e+00
267,4.2991423607e+00,-8.3172723651e-02,-9.0790786743e+01,1.1842520714e+01,3.8478794098e+00
268,4.2170333862e+00,-3.2345104963e-02,-8.9685165405e+01,1.2011828423e+01,3.8410022259e+00
269,4.1159725189e+00,3.2603099942e-02,-8.7514892578e+01,1.2166650772e+01,3.7330446243e+00
270,3.9938666821e+00,1.1457633972e-01,-8.0879226685e+01,1.2303143501e+01,3.5193600655e+00
271,3.8479311466e+00,2.1779793501e-01,-6.9973960876e+01,1.2411409378e+01,3.1959309578e+00
272,3.6894073486e+00,3.4175828099e-01,-5.2482707977e+01,1.2494684219e+01,2.7656111717e+00
273,3.5524804592e+00,4.7358670831e-01,-2.5152074814e+01,1.2555336952e+01,2.2343149185e+00
274,3.4800689220e+00,5.8917140961e-01,8.3209838867e+00,1.2590584755e+01,1.6128385067e+00
275,3.5075027943e+00,6.6332715750e-01,4.8591876984e+01,1.2616348267e+01,9.1550272703e-01
276,3.6457552910e+00,6.7960256338e-01,8.7743247986e+01,1.2633483887e+01,1.6291376948e-01
277,3.8673560619e+00,6.4224505424e-01,1.2272147369e+02,1.2659621239e+01,-6.1659216881e-01
278,4.1107854843e+00,5.7893151045e-01,1.4662091064e+02,1.2708684921e+01,-1.4034541845e+00
279,4.3098802567e+00,5.2767968178e-01,1.5806176758e+02,1.2796730042e+01,-2.1640849113e+00
280,4.4387264252e+00,5.1092541218e-01,1.6102835083e+02,1.2917025566e+01,-2.8680584431e+00
281,4.5208592415e+00,5.1852226257e-01,1.5600209045e+02,1.3068223000e+01,-3.4948878288e+00
282,4.5806651115e+00,5.3512543440e-01,1.4356106567e+02,1.3247028351e+01,-4.0153183937e+00
283,4.6290016174e+00,5.5358314514e-01,1.2400986481e+02,1.3443824768e+01,-4.4019517899e+00
284,4.6694359779e+00,5.7201844454e-01,9.8054794312e+01,1.3643523216e+01,-4.6350736618e+00
285,4.7032446861e+00,5.8989667892e-01,6.5976806641e+01,1.3830046654e+01,-4.7023458481e+00
286,4.7310633659e+00,6.0691010952e-01,2.8630128860e+01,1.3990110397e+01,-4.6055455208e+00
287,4.7530555725e+00,6.2300968170e-01,-1.3047839165e+01,1.4101478577e+01,-4.3531765938e+00
288,4.7694516182e+00,6.3777261972e-01,-5.8936954498e+01,1.4154803276e+01,-3.9617078304e+00
289,4.7803807259e+00,6.5125060081e-01,-1.0778221893e+02,1.4147468567e+01,-3.4426527023e+00
290,4.7855505943e+00,6.6363567114e-01,-1.5872496033e+02,1.4094119072e+01,-2.8262472153e+00
291,4.7846398354e+00,6.7505306005e-01,-2.0872843933e+02,1.4007754326e+01,-2.1286647320e+00
292,4.7772092819e+00,6.8542641401e-01,-2.5738366699e+02,1.3898538589e+01,-1.3686978817e+00
293,4.7627654076e+00,6.9440859556e-01,-3.0315466309e+02,1.3795408249e+01,-5.5252456665e-01
294,4.7407279015e+00,7.0143663883e-01,-3.4646643066e+02,1.3705390930e+01,2.9566118121e-01
295,4.7103619576e+00,7.0563846827e-01,-3.8868176270e+02,1.3641858101e+01,1.1564149857e+00
296,4.6708168983e+00,7.0576238632e-01,-4.3115081787e+02,1.3623132706e+01,2.0046172142e+00
297,4.6210575104e+00,7.0025891066e-01,-4.7766702271e+02,1.3645341873e+01,2.8146448135e+00
298,4.5600476265e+00,6.8693101406e-01,-5.2609448242e+02,1.3714542389e+01,3.5527234077e+00
299,4.4866366386e+00,6.6307806969e-01,-5.8382769775e+02,1.3825098038e+01,4.1871323586e+00
300,4.4000077248e+00,6.2512099743e-01,-6.4546948242e+02,1.3968131065e+01,4.6957221031e+00
301,4.2995400429e+00,5.6911945343e-01,-7.1833557129e+02,1.4133003235e+01,5.0561513901e+00
302,4.1852474213e+00,4.9103930593e-01,-7.9925909424e+02,1.4293976784e+01,5.2568607330e+00
303,4.0582718849e+00,3.8690057397e-01,-8.8787536621e+02,1.4438994408e+01,5.2966833115e+00
304,3.9217755795e+00,2.5193303823e-01,-9.8444360352e+02,1.4548098564e+01,5.1702799797e+00
305,3.7821495533e+00,7.8598611057e-02,-1.0852623291e+03,1.4606632233e+01,4.8784317970e+00
306,3.6472146511e+00,-1.3656181097e-01,-1.1843234863e+03,1.4615610123e+01,4.4380288124e+00
307,3.5220756531e+00,-3.9097777009e-01,-1.2796010742e+03,1.4573214531e+01,3.8539106846e+00
308,3.4071557522e+00,-6.8179726601e-01,-1.3602852783e+03,1.4476034164e+01,3.1432089806e+00
309,3.3069212437e+00,-9.8863065243e-01,-1.4153294678e+03,1.4337068558e+01,2.3386111259e+00
310,3.2437782288e+00,-1.2576174736e+00,-1.4353242188e+03,1.4184910774e+01,1.4432075024e+00
311,3.2709145546e+00,-1.3995040655e+00,-1.4121383057e+03,1.4044890404e+01,4.6450087428e-01
312,3.4095795155e+00,-1.4112937450e+00,-1.3601112061e+03,1.3946202278e+01,-5.9440827370e-01
313,3.5707201958e+00,-1.4037768841e+00,-1.3024669189e+03,1.3892903328e+01,-1.6815140247e+00
314,3.6838762760e+00,-1.4192425013e+00,-1.2515006104e+03,1.3894547462e+01,-2.7596831322e+00
315,3.7620358467e+00,-1.4352383614e+00,-1.2060454102e+03,1.3953721046e+01,-3.7911052704e+00
316,3.8177220821e+00,-1.4444351196e+00,-1.1666945801e+03,1.4079965591e+01,-4.7224955559e+00
317,3.8534648418e+00,-1.4480124712e+00,-1.1361282959e+03,1.4261061668e+01,-5.5173544884e+00
318,3.8706195354e+00,-1.4476529360e+00,-1.1164669189e+03,1.4483986855e+01,-6.1429758072e+00
319,3.8700697422e+00,-1.4423921108e+00,-1.1076153564e+03,1.4718035698e+01,-6.5881257057e+00
320,3.8524844646e+00,-1.4321737289e+00,-1.1098898926e+03,1.4934344292e+01,-6.8310837746e+00
321,3.8182702065e+00,-1.4158289433e+00,-1.1211805420e+03,1.5123425484e+01,-6.8825550079e+00
322,3.7683186531e+00,-1.3929561377e+00,-1.1400911865e+03,1.5260580063e+01,-6.7415647507e+00
323,3.7030358315e+00,-1.3612235785e+00,-1.1652275391e+03,1.5329940796e+01,-6.4052305222e+00
324,3.6223049164e+00,-1.3179734945e+00,-1.2004860840e+03,1.5339465141e+01,-5.8851723671e+00
325,3.5273237228e+00,-1.2609493732e+00,-1.2292984619e+03,1.5275169373e+01,-5.2029581070e+00
326,3.4190204144e+00,-1.1863843203e+00,-1.2593519287e+03,1.5168273926e+01,-4.3848886490e+00
327,3.2989635468e+00,-1.0908029079e+00,-1.2903261719e+03,1.5007636070e+01,-3.4264163971e+00
328,3.1699469090e+00,-9.6968674660e-01,-1.3054094238e+03,1.4826054573e+01,-2.3603312969e+00
329,3.0369706154e+00,-8.1900036335e-01,-1.3178634033e+03,1.4643423080e+01,-1.2029137611e+00
330,2.9059481621e+00,-6.3623332977e-01,-1.3209515381e+03,1.4496382713e+01,2.2667100653e-02
331,2.7829890251e+00,-4.1957965493e-01,-1.3251984863e+03,1.4411079407e+01,1.2967476845e+00
332,2.6758518219e+00,-1.7157939076e-01,-1.3261710205e+03,1.4383330345e+01,2.5636031628e+00
333,2.5928721428e+00,1.0159052163e-01,-1.3291402588e+03,1.4431294441e+01,3.7798523903e+00
334,2.5406286716e+00,3.9088994265e-01,-1.3371810303e+03,1.4571367264e+01,4.8930969238e+00
335,2.5224037170e+00,6.8519073725e-01,-1.3541308594e+03,1.4775046349e+01,5.8611688614e+00
336,2.5370934010e+00,9.7346925735e-01,-1.3878800049e+03,1.5023996353e+01,6.6511211395e+00
337,2.5801129341e+00,1.2481271029e+00,-1.4386737061e+03,1.5290901184e+01,7.2384042740e+00
338,2.6436161995e+00,1.5055714846e+00,-1.5147073975e+03,1.5534716606e+01,7.6063518524e+00
339,2.7168629169e+00,1.7479625940e+00,-1.6222012939e+03,1.5750136375e+01,7.7494039536e+00
340,2.7851200104e+00,1.9855896235e+00,-1.7489794922e+03,1.5909266472e+01,7.6840410233e+00
341,2.8328697681e+00,2.2342002392e+00,-1.9046152344e+03,1.6010141373e+01,7.4027662277e+00
342,2.8857369423e+00,2.4553065300e+00,-2.0892922363e+03,1.6030839920e+01,6.9168524742e+00
343,2.9932525158e+00,2.5882327557e+00,-2.3160993652e+03,1.5986367226e+01,6.2342925072e+00
344,3.0789880753e+00,2.7369122505e+00,-2.5731562500e+03,1.5859047890e+01,5.4040069580e+00
345,3.1402647495e+00,2.8993976116e+00,-2.8958239746e+03,1.5694185257e+01,4.4243264198e+00
346,3.1953778267e+00,3.0528137684e+00,-3.2902827148e+03,1.5481129646e+01,3.3078835011e+00
347,3.2951478958e+00,3.0802395344e+00,-3.7846953125e+03,1.5247255325e+01,2.0720739365e+00
348,3.6366753578e+00,2.7352161407e+00,-4.3443276367e+03,1.5024943352e+01,7.6547163725e-01
349,3.7503452301e+00,2.7638406754e+00,-4.9653603516e+03,1.4846755981e+01,-5.5524814129e-01
350,3.8808169365e+00,2.6347677708e+00,-5.7094624023e+03,1.4738785744e+01,-1.9050456285e+00
351,3.9665005207e+00,2.4641091824e+00,-6.5759101562e+03,1.4714189529e+01,-3.2379043102e+00
352,4.0498352051e+00,2.1364464760e+00,-7.5200224609e+03,1.4769254684e+01,-4.4949588776e+00
353,4.1385893822e+00,1.6438412666e+00,-8.4578417969e+03,1.4916443825e+01,-5.6320095062e+00
354,4.2393145561e+00,9.8797380924e-01,-9.2548671875e+03,1.5138248444e+01,-6.6062021255e+00
355,4.3666639328e+00,1.8647971749e-01,-9.7716630859e+03,1.5390784264e+01,-7.3890318871e+00
356,4.5295081139e+00,-6.7807418108e-01,-9.8775693359e+03,1.5649623871e+01,-7.9419336319e+00
357,4.7160735130e+00,-1.5048922300e+00,-9.5239541016e+03,1.5888937950e+01,-8.2664661407e+00
358,4.9105648994e+00,-2.2450895309e+00,-8.7675244141e+03,1.6099525452e+01,-8.3642911911e+00
359,5.1085705757e+00,-2.8719475269e+00,-7.6933217773e+03,1.6256071091e+01,-8.2364091873e+00
360,5.3008856773e+00,-3.3216457367e+00,-6.4271347656e+03,1.6339019775e+01,-7.9016022682e+00
361,5.4608111382e+00,-3.4814825058e+00,-5.0996362305e+03,1.6352764130e+01,-7.3363323212e+00
362,5.5385036469e+00,-3.2428333759e+00,-3.9051540527e+03,1.6296905518e+01,-6.6067233086e+00
363,5.6525521278e+00,-3.0594756603e+00,-2.9341516113e+03,1.6169723511e+01,-5.6986021996e+00
364,5.7688145638e+00,-2.7680726051e+00,-2.1256979980e+03,1.5984461784e+01,-4.6569609642e+00
365,5.8820180893e+00,-2.4509313107e+00,-1.4637694092e+03,1.5759441376e+01,-3.4691123962e+00
366,5.9344391823e+00,-1.9056649208e+00,-9.0110913086e+02,1.5510587692e+01,-2.1647381783e+00
367,6.0150794983e+00,-1.5039708614e+00,-4.3888381958e+02,1.5265468597e+01,-8.0877244473e-01
368,6.0857324600e+00,-1.0328981876e+00,-5.7248035431e+01,1.5065141678e+01,5.4937207699e-01
369,6.0952830315e+00,-5.4704999924e-01,2.5713677979e+02,1.4940700531e+01,1.9344263077e+00
370,6.0458502769e+00,-8.8026762009e-02,4.9868652344e+02,1.4906840324e+01,3.2975542545e+00
371,5.9374513626e+00,2.9553672671e-01,6.7275256348e+02,1.4960453033e+01,4.5832023621e+00
372,5.7884263992e+00,5.6395208836e-01,7.8504821777e+02,1.5101215363e+01,5.7447915077e+00
373,5.6246781349e+00,7.1792030334e-01,8.4784228516e+02,1.5320020676e+01,6.7414641380e+00
374,5.4751887321e+00,8.0129009485e-01,8.7083624268e+02,1.5575367928e+01,7.5453372002e+00
375,5.3493733406e+00,8.5997658968e-01,8.7016455078e+02,1.5822382927e+01,8.1143836975e+00
376,5.2397851944e+00,9.1391676664e-01,8.5671051025e+02,1.6059194565e+01,8.4479341507e+00
377,5.1377878189e+00,9.6687358618e-01,8.3826654053e+02,1.6258560181e+01,8.5520944595e+00
378,5.0381565094e+00,1.0191973448e+00,8.1590863037e+02,1.6406213760e+01,8.4183149338e+00
379,4.9366278648e+00,1.0710344315e+00,7.8988952637e+02,1.6472898483e+01,8.0707750320e+00
380,4.8291978836e+00,1.1230897903e+00,7.5927410889e+02,1.6474851608e+01,7.5141515732e+00
381,4.7117271423e+00,1.1746772528e+00,7.1739001465e+02,1.6399961472e+01,6.7577676773e+00
382,4.5801615715e+00,1.2215831280e+00,6.5831188965e+02,1.6250894547e+01,5.8491263390e+00
383,4.4320778847e+00,1.2529666424e+00,5.6801715088e+02,1.6048458099e+01,4.7882304192e+00
384,4.2751216888e+00,1.2412133217e+00,4.3219024658e+02,1.5802287102e+01,3.5846490860e+00
385,4.1432609558e+00,1.1386959553e+00,2.4199243164e+02,1.5541678429e+01,2.2785880566e+00
386,4.0513181686e+00,9.4773602486e-01,2.1218738556e+01,1.5277032852e+01,9.1451531649e-01
387,3.9303650856e+00,7.3744761944e-01,-2.0497752380e+02,1.5053448677e+01,-4.4939741492e-01
388,3.7572224140e+00,4.9948653579e-01,-4.3328338623e+02,1.4913150787e+01,-1.8308160305e+00
389,3.5741243362e+00,1.8977208436e-01,-6.5575012207e+02,1.4878472328e+01,-3.1972396374e+00
390,3.4160287380e+00,-1.9689016044e-01,-8.3908917236e+02,1.4937303543e+01,-4.4981451035e+00
391,3.3115460873e+00,-6.3157796860e-01,-9.3929791260e+02,1.5088663101e+01,-5.6835842133e+00
392,3.2843427658e+00,-1.0688450336e+00,-9.2149774170e+02,1.5313468933e+01,-6.7109155655e+00
393,3.3208258152e+00,-1.4787361622e+00,-7.9086010742e+02,1.5579771042e+01,-7.5463786125e+00
394,3.3882811069e+00,-1.8192336559e+00,-5.6384790039e+02,1.5848523140e+01,-8.1549243927e+00
395,3.5246024132e+00,-1.9938057661e+00,-2.7922543335e+02,1.6101795197e+01,-8.5220041275e+00
396,3.7286937237e+00,-2.0229160786e+00,-7.6460790634e+00,1.6316894531e+01,-8.6615562439e+00
397,3.8901047707e+00,-2.0785458088e+00,1.9242881775e+02,1.6481077194e+01,-8.5629005432e+00
398,4.0029854774e+00,-2.0572299957e+00,3.1681402588e+02,1.6564437866e+01,-8.2302532196e+00
399,4.1287126541e+00,-2.0042071342e+00,3.7161843872e+02,1.6578714371e+01,-7.7108020782e+00
400,4.1921725273e+00,-2.0095221996e+00,3.5004330444e+02,1.6514574051e+01,-6.9653086662e+00
401,4.2348527908e+00,-2.0223994255e+00,2.6492025757e+02,1.6385314941e+01,-6.0778994560e+00
402,4.2554755211e+00,-2.0481967926e+00,1.2837644958e+02,1.6199594498e+01,-5.0252957344e+00
403,4.2576532364e+00,-2.0824854374e+00,-7.5319610596e+01,1.5966600418e+01,-3.8358130455e+00
404,4.2456488609e+00,-2.1059820652e+00,-3.2927297974e+02,1.5716920853e+01,-2.5310575962e+00
405,4.2354063988e+00,-2.0433657169e+00,-6.5629003906e+02,1.5465914726e+01,-1.1537369490e+00
406,4.2440333366e+00,-1.8965022564e+00,-1.0392879639e+03,1.5240509033e+01,2.3328341544e-01
407,4.2063841820e+00,-1.8171857595e+00,-1.4802436523e+03,1.5101238251e+01,1.6292874813e+00
408,4.1269731522e+00,-1.7012764215e+00,-2.0019760742e+03,1.5066249847e+01,3.0191645622e+00
409,4.0350685120e+00,-1.4968799353e+00,-2.6298181152e+03,1.5115445137e+01,4.3531632423e+00
410,3.9281034470e+00,-1.1838936806e+00,-3.3660400391e+03,1.5255168915e+01,5.5875272751e+00
411,3.8092074394e+00,-7.3983842134e-01,-4.1581235352e+03,1.5449065208e+01,6.6466832161e+00
412,3.6938698292e+00,-1.4519083500e-01,-4.6811655273e+03,1.5679886818e+01,7.4818134308e+00
413,3.6128730774e+00,5.7277375460e-01,-4.9779160156e+03,1.5908156395e+01,8.1003894806e+00
414,3.6052892208e+00,1.3028674126e+00,-4.9659160156e+03,1.6141084671e+01,8.4795970917e+00
415,3.6864466667e+00,1.8726983070e+00,-4.6562983398e+03,1.6327171326e+01,8.6401309967e+00
416,3.8117685318e+00,2.2150833607e+00,-4.1792177734e+03,1.6470748901e+01,8.5754184723e+00
417,3.9233617783e+00,2.4243643284e+00,-3.6782292480e+03,1.6547407150e+01,8.2737779617e+00
418,4.0140714645e+00,2.4739484787e+00,-3.2337756348e+03,1.6557683945e+01,7.7892990112e+00
419,4.0997371674e+00,2.3813066483e+00,-2.9042121582e+03,1.6482280731e+01,7.0857329369e+00
420,4.1534109116e+00,2.2575480938e+00,-2.6899431152e+03,1.6348102570e+01,6.2295589447e+00
421,4.1777873039e+00,2.1889977455e+00,-2.5762785645e+03,1.6155246735e+01,5.2058682442e+00
422,4.1690359116e+00,2.1545119286e+00,-2.5291010742e+03,1.5922271729e+01,4.0531678200e+00
423,4.1372942924e+00,2.1330823898e+00,-2.5509804688e+03,1.5655385017e+01,2.7655699253e+00
424,4.0925269127e+00,2.0839946270e+00,-2.6271237793e+03,1.5391183853e+01,1.3979376554e+00
425,4.0626549721e+00,1.9264308214e+00,-2.7534274902e+03,1.5141264915e+01,1.5434027649e-02
426,4.0204367638e+00,1.7456631660e+00,-2.9197136230e+03,1.4967818260e+01,-1.3798871040e+00
427,3.9150133133e+00,1.5967991352e+00,-3.1121655273e+03,1.4896251678e+01,-2.7761623859e+00
428,3.7939441204e+00,1.3650960922e+00,-3.3382668457e+03,1.4915642738e+01,-4.1210741997e+00
429,3.6621911526e+00,1.0359503031e+00,-3.5823999023e+03,1.5034531593e+01,-5.3562941551e+00
430,3.5262908936e+00,5.9723973274e-01,-3.8068222656e+03,1.5221441269e+01,-6.4448776245e+00
431,3.4028244019e+00,5.0478726625e-02,-3.9533444824e+03,1.5459186554e+01,-7.3475236893e+00
432,3.3226428032e+00,-5.6996774673e-01,-3.9520449219e+03,1.5705312729e+01,-8.0332851410e+00
433,3.3186776638e+00,-1.1781902313e+00,-3.7642480469e+03,1.5942838669e+01,-8.4709358215e+00
434,3.3976466656e+00,-1.6783863306e+00,-3.3930585938e+03,1.6151615143e+01,-8.6734714508e+00
435,3.5275464058e+00,-2.0259015560e+00,-2.9350463867e+03,1.6334808350e+01,-8.6434698105e+00
436,3.6541666985e+00,-2.2729253769e+00,-2.4653879395e+03,1.6446151733e+01,-8.3756990433e+00
437,3.7712199688e+00,-2.3519484997e+00,-2.0374266357e+03,1.6493061066e+01,-7.9152283669e+00
438,3.8940114975e+00,-2.3074471951e+00,-1.7002093506e+03,1.6450702667e+01,-7.2464003563e+00
439,3.9890477657e+00,-2.2189722061e+00,-1.4699537354e+03,1.6369829178e+01,-6.4085125923e+00
440,4.0489168167e+00,-2.1786603928e+00,-1.3335960693e+03,1.6215627670e+01,-5.4133796692e+00
441,4.0721697807e+00,-2.1661343575e+00,-1.2743764648e+03,1.6003364563e+01,-4.2879309654e+00
442,4.0692539215e+00,-2.1661448479e+00,-1.2760339355e+03,1.5789322853e+01,-3.0242938995e+00
443,4.0498471260e+00,-2.1344554424e+00,-1.3510991211e+03,1.5547643661e+01,-1.6745941639e+00
444,4.0447897911e+00,-1.9863075018e+00,-1.4923077393e+03,1.5317875862e+01,-2.9903140664e-01
445,4.0279688835e+00,-1.8497095108e+00,-1.6911694336e+03,1.5145902634e+01,1.0814040899e+00
446,3.9486753941e+00,-1.7296227217e+00,-1.9340717773e+03,1.5055112839e+01,2.4807717800e+00
447,3.8572885990e+00,-1.5191586018e+00,-2.2421279297e+03,1.5062636375e+01,3.8387043476e+00
448,3.7514209747e+00,-1.2121473551e+00,-2.5959755859e+03,1.5167778015e+01,5.1038765907e+00
449,3.6356389523e+00,-7.8654909134e-01,-2.9575634766e+03,1.5346834183e+01,6.2312312126e+00
450,3.5238664150e+00,-2.2817635536e-01,-3.2638386230e+03,1.5581004143e+01,7.1814656258e+00
451,3.4455444813e+00,4.4272774458e-01,-3.4296240234e+03,1.5830435753e+01,7.9214625359e+00
452,3.4359214306e+00,1.1369965076e+00,-3.3792072754e+03,1.6066463470e+01,8.4172782898e+00
453,3.5103604794e+00,1.7156906128e+00,-3.1185754395e+03,1.6284372330e+01,8.6668462753e+00
454,3.6374886036e+00,2.1011104584e+00,-2.7175517578e+03,1.6468881607e+01,8.6876802444e+00
455,3.7668931484e+00,2.3365418911e+00,-2.2869345703e+03,1.6582473755e+01,8.4637145996e+00
456,3.8708586693e+00,2.4564909935e+00,-1.9078453369e+03,1.6624839783e+01,8.0211105347e+00
457,3.9784991741e+00,2.3967368603e+00,-1.6246109619e+03,1.6595098495e+01,7.3825173378e+00
458,4.0593152046e+00,2.2920546532e+00,-1.4796801758e+03,1.6495023727e+01,6.5498862267e+00
459,4.1110110283e+00,2.2069857121e+00,-1.4446202393e+03,1.6328542709e+01,5.5757169724e+00
460,4.1224098206e+00,2.1723663807e+00,-1.5054416504e+03,1.6107725143e+01,4.4525194168e+00
461,4.1073503494e+00,2.1534385681e+00,-1.6435222168e+03,1.5859234810e+01,3.1934034824e+00
462,4.0740599632e+00,2.1173729897e+00,-1.8482469482e+03,1.5589970589e+01,1.8511161804e+00
463,4.0510411263e+00,1.9816007614e+00,-2.1115231934e+03,1.5332596779e+01,4.7672814131e-01
464,4.0239253044e+00,1.7995920181e+00,-2.4181967773e+03,1.5131432533e+01,-8.9809894562e-01
465,3.9332602024e+00,1.6557376385e+00,-2.7581838379e+03,1.5024691582e+01,-2.2911148071e+00
466,3.8238234520e+00,1.4324811697e+00,-3.1371074219e+03,1.5016108513e+01,-3.6482985020e+00
467,3.7025990486e+00,1.1123373508e+00,-3.5372778320e+03,1.5093775749e+01,-4.9256725311e+00
468,3.5749239922e+00,6.8179434538e-01,-3.9242631836e+03,1.5249096870e+01,-6.0719799995e+00
469,3.4568500519e+00,1.3789109886e-01,-4.2295092773e+03,1.5467843056e+01,-7.0410790443e+00
470,3.3762037754e+00,-4.9050718546e-01,-4.3782065430e+03,1.5718787193e+01,-7.8113532066e+00
471,3.3669538498e+00,-1.1193706989e+00,-4.3106254883e+03,1.5951519012e+01,-8.3443813324e+00
472,3.4397935867e+00,-1.6438063383e+00,-4.0367768555e+03,1.6165395737e+01,-8.6340160370e+00
473,3.5646212101e+00,-2.0085310936e+00,-3.6207795410e+03,1.6346530914e+01,-8.6979198456e+00
474,3.6905865669e+00,-2.2588362694e+00,-3.1588815918e+03,1.6464769363e+01,-8.5169353485e+00
475,3.7973136902e+00,-2.3642566204e+00,-2.7246328125e+03,1.6505805969e+01,-8.1177787781e+00
476,3.9096128941e+00,-2.3226230145e+00,-2.3712204590e+03,1.6487760544e+01,-7.5240540504e+00
477,3.9942903519e+00,-2.2338275909e+00,-2.1294877930e+03,1.6392766953e+01,-6.7265439034e+00
478,4.0473732948e+00,-2.1790945530e+00,-1.9991772461e+03,1.6230670929e+01,-5.7863187790e+00
479,4.0616030693e+00,-2.1605672836e+00,-1.9424947510e+03,1.6023805618e+01,-4.6921467781e+00
480,4.0499157906e+00,-2.1567921638e+00,-1.9623428955e+03,1.5776177406e+01,-3.4557371140e+00
481,4.0188808441e+00,-2.1318142414e+00,-2.0520446777e+03,1.5517860413e+01,-2.1292338371e+00
482,3.9971148968e+00,-1.9981614351e+00,-2.2065493164e+03,1.5260085106e+01,-7.5461369753e-01
483,3.9792439938e+00,-1.8398894072e+00,-2.4075485840e+03,1.5060289383e+01,6.1451894045e-01
484,3.8954446316e+00,-1.7205331326e+00,-2.6391806641e+03,1.4939937592e+01,2.0072743893e+00
485,3.7918930054e+00,-1.5160353184e+00,-2.9144794922e+03,1.4930681229e+01,3.3730425835e+00
486,3.6773107052e+00,-1.2177001238e+00,-3.2176828613e+03,1.5011720657e+01,4.6669464111e+00
487,3.5553984642e+00,-8.0679571629e-01,-3.5163041992e+03,1.5169820786e+01,5.8396201134e+00
488,3.4393734932e+00,-2.7279472351e-01,-3.7451748047e+03,1.5397816658e+01,6.8461537361e+00
489,3.3558666706e+00,3.6757710576e-01,-3.8408110352e+03,1.5654285431e+01,7.6597390175e+00
490,3.3385884762e+00,1.0368058681e+00,-3.7298789062e+03,1.5903810501e+01,8.2393074036e+00
491,3.4032793045e+00,1.6120979786e+00,-3.4174902344e+03,1.6137214661e+01,8.5769586563e+00
492,3.5258212090e+00,2.0140874386e+00,-2.9589016113e+03,1.6333574295e+01,8.6859827042e+00
493,3.6592833996e+00,2.2662408352e+00,-2.4492744141e+03,1.6478883743e+01,8.5578565598e+00
494,3.7699511051e+00,2.4101355076e+00,-1.9649837646e+03,1.6541898727e+01,8.1960067749e+00
495,3.8861169815e+00,2.3760316372e+00,-1.5643741455e+03,1.6548482895e+01,7.6479558945e+00
496,3.9777081013e+00,2.2929615974e+00,-1.2805566406e+03,1.6467721939e+01,6.8786749840e+00
497,4.0438551903e+00,2.2004127502e+00,-1.1208978271e+03,1.6332931519e+01,5.9725346565e+00
498,4.0677680969e+00,2.1635994911e+00,-1.0544128418e+03,1.6144157410e+01,4.9006161690e+00
499,4.0641326904e+00,2.1448597908e+00,-1.0832940674e+03,1.5912494659e+01,3.6975846291e+00
500,4.0388045311e+00,2.1244256496e+00,-1.1937746582e+03,1.5659626961e+01,2.3869342804e+00
501,4.0116362572e+00,2.0340161324e+00,-1.3885128174e+03,1.5416316986e+01,1.0150506496e+00
502,4.0023479462e+00,1.8449991941e+00,-1.6299204102e+03,1.5188202858e+01,-3.6312645674e-01
503,3.9349172115e+00,1.7050899267e+00,-1.9362154541e+03,1.5054623604e+01,-1.7513194084e+00
504,3.8343968391e+00,1.5176036358e+00,-2.2686188965e+03,1.5021193504e+01,-3.1297309399e+00
505,3.7242379189e+00,1.2349685431e+00,-2.6555124512e+03,1.5078371048e+01,-4.4466929436e+00
506,3.6036400795e+00,8.4722095728e-01,-3.0418083496e+03,1.5229589462e+01,-5.6477689743e+00
507,3.4844346046e+00,3.4503901005e-01,-3.3817041016e+03,1.5447254181e+01,-6.6956934929e+00
508,3.3915064335e+00,-2.5648048520e-01,-3.6011362305e+03,1.5694962502e+01,-7.5512776375e+00
509,3.3587594032e+00,-8.9427900314e-01,-3.6239809570e+03,1.5937673569e+01,-8.1780385971e+00
510,3.4084846973e+00,-1.4639908075e+00,-3.4371254883e+03,1.6170351028e+01,-8.5577173233e+00
511,3.5231714249e+00,-1.8858975172e+00,-3.0847075195e+03,1.6364347458e+01,-8.7036085129e+00
512,3.6583342552e+00,-2.1688320637e+00,-2.6615993652e+03,1.6516006470e+01,-8.6152763367e+00
513,3.7701568604e+00,-2.3445248604e+00,-2.2470266113e+03,1.6584678650e+01,-8.2829923630e+00
514,3.8854012489e+00,-2.3356540203e+00,-1.9012640381e+03,1.6593812943e+01,-7.7620038986e+00
515,3.9807384014e+00,-2.2700409889e+00,-1.6658870850e+03,1.6511997223e+01,-7.0208253860e+00
516,4.0513076782e+00,-2.1853232384e+00,-1.5528417969e+03,1.6380376816e+01,-6.1317753792e+00
517,4.0780143738e+00,-2.1581418514e+00,-1.5294998779e+03,1.6182800293e+01,-5.0792231560e+00
518,4.0751028061e+00,-2.1497557163e+00,-1.5969473877e+03,1.5947277069e+01,-3.9002299309e+00
519,4.0485200882e+00,-2.1405949593e+00,-1.7386215820e+03,1.5687369347e+01,-2.5991289616e+00
520,4.0149178505e+00,-2.0590076447e+00,-1.9576707764e+03,1.5430710793e+01,-1.2310619354e+00
521,4.0017318726e+00,-1.8832621574e+00,-2.2207033691e+03,1.5186206818e+01,1.4662398398e-01
522,3.9405331612e+00,-1.7612078190e+00,-2.5374270020e+03,1.5035187721e+01,1.5321086645e+00
523,3.8363769054e+00,-1.5892529488e+00,-2.8719091797e+03,1.4973339081e+01,2.9166724682e+00
524,3.7233183384e+00,-1.3240216970e+00,-3.2537563477e+03,1.5007126808e+01,4.2454042435e+00
525,3.5994756222e+00,-9.5271754265e-01,-3.6251062012e+03,1.5145305634e+01,5.4629845619e+00
526,3.4760966301e+00,-4.6143859625e-01,-3.9522851562e+03,1.5345537186e+01,6.5324683189e+00
527,3.3749792576e+00,1.4497697353e-01,-4.1594023438e+03,1.5591595650e+01,7.4175801277e+00
528,3.3296306133e+00,8.1189709902e-01,-4.1745200195e+03,1.5834465027e+01,8.0824365616e+00
529,3.3657152653e+00,1.4260681868e+00,-3.9755405273e+03,1.6064893723e+01,8.5015411377e+00
530,3.4712836742e+00,1.8880476952e+00,-3.6012817383e+03,1.6263824463e+01,8.6859388351e+00
531,3.6055521965e+00,2.1819756031e+00,-3.1376706543e+03,1.6425567627e+01,8.6379108429e+00
532,3.7200655937e+00,2.3749232292e+00,-2.6696806641e+03,1.6507774353e+01,8.3462171555e+00
533,3.8344960213e+00,2.3917977810e+00,-2.2575678711e+03,1.6526132584e+01,7.8617300987e+00
534,3.9358193874e+00,2.3246014118e+00,-1.9479036865e+03,1.6465179443e+01,7.1602587700e+00
535,4.0126190186e+00,2.2206997871e+00,-1.7533294678e+03,1.6349210739e+01,6.2975783348e+00
536,4.0471935272e+00,2.1758038998e+00,-1.6591278076e+03,1.6159856796e+01,5.2728095055e+00
537,4.0513563156e+00,2.1541893482e+00,-1.6471335449e+03,1.5926507950e+01,4.1198220253e+00
538,4.0314993858e+00,2.1388978958e+00,-1.7091032715e+03,1.5682435989e+01,2.8369023800e+00
539,4.0010700226e+00,2.0818502903e+00,-1.8492180176e+03,1.5424374580e+01,1.4759497643e+00
540,3.9918978214e+00,1.9071929455e+00,-2.0484357910e+03,1.5189583778e+01,1.0358217359e-01
541,3.9465541840e+00,1.7535618544e+00,-2.2914194336e+03,1.5023941040e+01,-1.2762550116e+00
542,3.8496313095e+00,1.5946656466e+00,-2.5732763672e+03,1.4956816673e+01,-2.6621890068e+00
543,3.7443623543e+00,1.3426067829e+00,-2.8965446777e+03,1.4981510162e+01,-4.0046658516e+00
544,3.6273784637e+00,9.9132496119e-01,-3.2337409668e+03,1.5108530045e+01,-5.2446265221e+00
545,3.5072870255e+00,5.2758359909e-01,-3.5407136230e+03,1.5302799225e+01,-6.3429598808e+00
546,3.4025745392e+00,-4.4853448868e-02,-3.7481171875e+03,1.5551777840e+01,-7.2645745277e+00
547,3.3459615707e+00,-6.8233454227e-01,-3.7801652832e+03,1.5804418564e+01,-7.9739093781e+00
548,3.3674726486e+00,-1.2874439955e+00,-3.5961486816e+03,1.6041961670e+01,-8.4402685165e+00
549,3.4640331268e+00,-1.7656092644e+00,-3.2248564453e+03,1.6254264832e+01,-8.6676969528e+00
550,3.5983390808e+00,-2.0868558884e+00,-2.7472419434e+03,1.6431871414e+01,-8.6685285568e+00
551,3.7199084759e+00,-2.3062505722e+00,-2.2573457031e+03,1.6533666611e+01,-8.4233026505e+00
552,3.8308510780e+00,-2.3565113544e+00,-1.8209614258e+03,1.6563156128e+01,-7.9709658623e+00
553,3.9379062653e+00,-2.3043255806e+00,-1.4892360840e+03,1.6528240204e+01,-7.3128600121e+00
554,4.0177774429e+00,-2.2098705769e+00,-1.2794606934e+03,1.6426753998e+01,-6.4737324715e+00
555,4.0607810020e+00,-2.1660838127e+00,-1.1836096191e+03,1.6255958557e+01,-5.4819531441e+00
556,4.0690813065e+00,-2.1505513191e+00,-1.1737491455e+03,1.6034921646e+01,-4.3494358063e+00
557,4.0517783165e+00,-2.1458454132e+00,-1.2570090332e+03,1.5791559219e+01,-3.0796296597e+00
558,4.0180473328e+00,-2.1078081131e+00,-1.4141901855e+03,1.5537948608e+01,-1.7301367521e+00
559,3.9997167587e+00,-1.9543960094e+00,-1.6381503906e+03,1.5286490440e+01,-3.4950739145e-01
560,3.9704580307e+00,-1.8057463169e+00,-1.9226864014e+03,1.5109715462e+01,1.0291992426e+00
561,3.8771471977e+00,-1.6685597897e+00,-2.2394040527e+03,1.5019397736e+01,2.4236090183e+00
562,3.7702689171e+00,-1.4403605461e+00,-2.5992416992e+03,1.5026571274e+01,3.7781972885e+00
563,3.6520173550e+00,-1.1142448187e+00,-2.9810222168e+03,1.5132893562e+01,5.0432920456e+00
564,3.5283317566e+00,-6.7302131653e-01,-3.3424118652e+03,1.5314019203e+01,6.1735749245e+00
565,3.4162111282e+00,-1.1087363958e-01,-3.6218767090e+03,1.5550636292e+01,7.1294364929e+00
566,3.3462798595e+00,5.4163372517e-01,-3.7436174316e+03,1.5801894188e+01,7.8798785210e+00
567,3.3503873348e+00,1.1905239820e+00,-3.6563803711e+03,1.6035570145e+01,8.3883781433e+00
568,3.4333832264e+00,1.7203695774e+00,-3.3778852539e+03,1.6250423431e+01,8.6532077789e+00
569,3.5635719299e+00,2.0752990246e+00,-2.9755485840e+03,1.6429225922e+01,8.6921510696e+00
570,3.6895403862e+00,2.3074219227e+00,-2.5409147949e+03,1.6539554596e+01,8.4850406647e+00
571,3.8003535271e+00,2.4026880264e+00,-2.1410190430e+03,1.6576217651e+01,8.0598258972e+00
572,3.9147317410e+00,2.3481645584e+00,-1.8305084229e+03,1.6544422150e+01,7.4380974770e+00
573,4.0004496574e+00,2.2532453537e+00,-1.6346759033e+03,1.6446676254e+01,6.6217341423e+00
574,4.0532965660e+00,2.1841709614e+00,-1.5527962646e+03,1.6279314041e+01,5.6593337059e+00
575,4.0672745705e+00,2.1557822227e+00,-1.5532064209e+03,1.6065147400e+01,4.5475549698e+00
576,4.0545129776e+00,2.1408421993e+00,-1.6434725342e+03,1.5813261032e+01,3.2942237854e+00
577,4.0235977173e+00,2.1094803810e+00,-1.8005837402e+03,1.5550069809e+01,1.9538100958e+00
578,4.0032067299e+00,1.9782969952e+00,-2.0325313721e+03,1.5301052094e+01,5.7803964615e-01
579,3.9816854000e+00,1.7955676317e+00,-2.3097795410e+03,1.5102086067e+01,-7.9688370228e-01
580,3.8944036961e+00,1.6561238766e+00,-2.6214797363e+03,1.4988930702e+01,-2.1934585571e+00
581,3.7901682854e+00,1.4371870756e+00,-2.9720949707e+03,1.4977777481e+01,-3.5560083389e+00
582,3.6744697094e+00,1.1227811575e+00,-3.3453740234e+03,1.5067450523e+01,-4.8381938934e+00
583,3.5515804291e+00,6.9932484627e-01,-3.7005788574e+03,1.5232265472e+01,-5.9921030998e+00
584,3.4360578060e+00,1.6329160333e-01,-3.9782802734e+03,1.5464959145e+01,-6.9774131775e+00
585,3.3568282127e+00,-4.5825356245e-01,-4.1041591797e+03,1.5715092659e+01,-7.7648277283e+00
586,3.3475518227e+00,-1.0849127769e+00,-4.0132055664e+03,1.5952669144e+01,-8.3144884109e+00
587,3.4197196960e+00,-1.6140156984e+00,-3.7184602051e+03,1.6175092697e+01,-8.6233081818e+00
588,3.5450160503e+00,-1.9862312078e+00,-3.2819863281e+03,1.6359647751e+01,-8.7022294998e+00
589,3.6743445396e+00,-2.2405617237e+00,-2.7984147949e+03,1.6487155914e+01,-8.5373802185e+00
590,3.7823650837e+00,-2.3615574837e+00,-2.3420739746e+03,1.6533506393e+01,-8.1456317902e+00
591,3.8963022232e+00,-2.3257069588e+00,-1.9681837158e+03,1.6523033142e+01,-7.5673003197e+00
592,3.9830322266e+00,-2.2448642254e+00,-1.7095074463e+03,1.6429252625e+01,-6.7722511292e+00
593,4.0420837402e+00,-2.1804230213e+00,-1.5694503174e+03,1.6274471283e+01,-5.8414440155e+00
594,4.0602207184e+00,-2.1593670845e+00,-1.5072353516e+03,1.6078535080e+01,-4.7528581619e+00
595,4.0517597198e+00,-2.1550166607e+00,-1.5413863525e+03,1.5830436707e+01,-3.5223712921e+00
596,4.0222477913e+00,-2.1377224922e+00,-1.6468280029e+03,1.5583206177e+01,-2.2013108730e+00
597,3.9966003895e+00,-2.0219168663e+00,-1.8246085205e+03,1.5328482628e+01,-8.2727789879e-01
598,3.9831357002e+00,-1.8529975414e+00,-2.0575090332e+03,1.5121938705e+01,5.4423320293e-01
599,3.9068205357e+00,-1.7344295979e+00,-2.3287641602e+03,1.4996600151e+01,1.9362746477e+00
600,3.8045794964e+00,-1.5382006168e+00,-2.6417192383e+03,1.4973532677e+01,3.3058867455e+00
601,3.6923213005e+00,-1.2488806248e+00,-2.9872026367e+03,1.5048625946e+01,4.6059670448e+00
602,3.5707399845e+00,-8.4923261404e-01,-3.3285014648e+03,1.5209585190e+01,5.7881569862e+00
603,3.4529573917e+00,-3.2744896412e-01,-3.6115932617e+03,1.5431171417e+01,6.8062224388e+00
604,3.3645949364e+00,3.0341500044e-01,-3.7625776367e+03,1.5685500145e+01,7.6327667236e+00
605,3.3398537636e+00,9.7203761339e-01,-3.7124536133e+03,1.5929609299e+01,8.2281932831e+00
606,3.3975796700e+00,1.5579755306e+00,-3.4562316895e+03,1.6160375595e+01,8.5797424316e+00
607,3.5163290501e+00,1.9760600328e+00,-3.0453144531e+03,1.6351976395e+01,8.7001447678e+00
608,3.6502466202e+00,2.2392778397e+00,-2.5717221680e+03,1.6498352051e+01,8.5820140839e+00
609,3.7610964775e+00,2.3981225491e+00,-2.1154670410e+03,1.6560842514e+01,8.2257308960e+00
610,3.8771717548e+00,2.3749592304e+00,-1.7339754639e+03,1.6565511703e+01,7.6852474213e+00
611,3.9706304073e+00,2.2959122658e+00,-1.4665478516e+03,1.6489295959e+01,6.9229226112e+00
612,4.0391426086e+00,2.1986596584e+00,-1.3193962402e+03,1.6345808029e+01,6.0192823410e+00
613,4.0640158653e+00,2.1603708267e+00,-1.2736683350e+03,1.6147109985e+01,4.9465579987e+00
614,4.0600986481e+00,2.1412539482e+00,-1.3072874756e+03,1.5917778969e+01,3.7485764027e+00
615,4.0342321396e+00,2.1216733456e+00,-1.4277541504e+03,1.5654156685e+01,2.4363534451e+00
616,4.0030298233e+00,2.0411968231e+00,-1.6284267578e+03,1.5411921501e+01,1.0629065037e+00
617,3.9924407005e+00,1.8535712957e+00,-1.8738081055e+03,1.5178318977e+01,-3.1571036577e-01
618,3.9292407036e+00,1.7072045803e+00,-2.1756801758e+03,1.5039314270e+01,-1.7054485083e+00
619,3.8267612457e+00,1.5249906778e+00,-2.5107333984e+03,1.4998351097e+01,-3.0830824375e+00
620,3.7155034542e+00,1.2480312586e+00,-2.8831896973e+03,1.5052278519e+01,-4.4012198448e+00
621,3.5935521126e+00,8.6833095551e-01,-3.2583208008e+03,1.5199618340e+01,-5.6054701805e+00
622,3.4725089073e+00,3.7622272968e-01,-3.5855991211e+03,1.5411308289e+01,-6.6564946175e+00
623,3.3758983612e+00,-2.1536935866e-01,-3.7947805176e+03,1.5657851219e+01,-7.5166115761e+00
624,3.3370487690e+00,-8.4797537327e-01,-3.8112727051e+03,1.5901873589e+01,-8.1528692245e+00
625,3.3800749779e+00,-1.4208272696e+00,-3.6195993652e+03,1.6132812500e+01,-8.5427303314e+00
626,3.4902989864e+00,-1.8528804779e+00,-3.2592895508e+03,1.6329481125e+01,-8.7011356354e+00
627,3.6253716946e+00,-2.1446218491e+00,-2.8188154297e+03,1.6483173370e+01,-8.6249799728e+00
628,3.7388300896e+00,-2.3331928253e+00,-2.3802509766e+03,1.6554229736e+01,-8.3047513962e+00
629,3.8545908928e+00,-2.3378562927e+00,-2.0045672607e+03,1.6566690445e+01,-7.7944717407e+00
630,3.9543304443e+00,-2.2794461250e+00,-1.7331358643e+03,1.6498432159e+01,-7.0673656464e+00
631,4.0294146538e+00,-2.1927297115e+00,-1.5804688721e+03,1.6368137360e+01,-6.1854925156e+00
632,4.0608992577e+00,-2.1641604900e+00,-1.5295246582e+03,1.6170042038e+01,-5.1380100250e+00
633,4.0620126724e+00,-2.1559941769e+00,-1.5565952148e+03,1.5940547943e+01,-3.9670405388e+00
634,4.0399260521e+00,-2.1504492760e+00,-1.6699516602e+03,1.5677815437e+01,-2.6671383381e+00
635,4.0085887909e+00,-2.0785529613e+00,-1.8587318115e+03,1.5431814194e+01,-1.2997453213e+00
636,3.9991528988e+00,-1.9040877819e+00,-2.0944099121e+03,1.5187172890e+01,7.9012587667e-02
637,3.9465453625e+00,-1.7823921442e+00,-2.3908161621e+03,1.5031355858e+01,1.4630511999e+00
638,3.8473389149e+00,-1.6178786755e+00,-2.7043005371e+03,1.4972417831e+01,2.8481256962e+00
639,3.7394111156e+00,-1.3609848022e+00,-3.0702597656e+03,1.5007263184e+01,4.1820173264e+00
640,3.6200301647e+00,-9.9969422817e-01,-3.4375351562e+03,1.5140085220e+01,5.4037690163e+00
641,3.4982495308e+00,-5.1841425896e-01,-3.7638449707e+03,1.5345428467e+01,6.4828414917e+00
642,3.3957223892e+00,8.1990189850e-02,-3.9819484863e+03,1.5588032722e+01,7.3763771057e+00
643,3.3452777863e+00,7.5274854898e-01,-4.0106472168e+03,1.5835470200e+01,8.0530118942e+00
644,3.3752126694e+00,1.3812917471e+00,-3.8235808105e+03,1.6070135117e+01,8.4870157242e+00
645,3.4771559238e+00,1.8613002300e+00,-3.4531293945e+03,1.6271793365e+01,8.6823730469e+00
646,3.6113502979e+00,2.1669180393e+00,-2.9838540039e+03,1.6439565659e+01,8.6470699310e+00
647,3.7280180454e+00,2.3681001663e+00,-2.5071875000e+03,1.6527040482e+01,8.3676376343e+00
648,3.8394734859e+00,2.4013330936e+00,-2.0845705566e+03,1.6549846649e+01,7.8914813995e+00
649,3.9423625469e+00,2.3329648972e+00,-1.7648145752e+03,1.6496118546e+01,7.2026329041e+00
650,4.0195384026e+00,2.2264370918e+00,-1.5643868408e+03,1.6383581161e+01,6.3438200951e+00
651,4.0564665794e+00,2.1748406887e+00,-1.4705163574e+03,1.6198717117e+01,5.3266444206e+00
652,4.0611863136e+00,2.1503763199e+00,-1.4579006348e+03,1.5969797134e+01,4.1791610718e+00
653,4.0416364670e+00,2.1341583729e+00,-1.5344133301e+03,1.5718369484e+01,2.8956792355e+00
654,4.0077295303e+00,2.0859477520e+00,-1.6856368408e+03,1.5472771645e+01,1.5386161804e+00
655,3.9939305782e+00,1.9225143194e+00,-1.8911213379e+03,1.5221681595e+01,1.6080729663e-01
656,3.9555950165e+00,1.7554974556e+00,-2.1619877930e+03,1.5055315018e+01,-1.2181301117e+00
657,3.8593509197e+00,1.6020393372e+00,-2.4496848145e+03,1.4979397774e+01,-2.6075541973e+00
658,3.7528228760e+00,1.3572818041e+00,-2.7945053711e+03,1.4998979568e+01,-3.9543800354e+00
659,3.6342995167e+00,1.0150527954e+00,-3.1497341309e+03,1.5121088028e+01,-5.2002515793e+00
660,3.5118784904e+00,5.6182360649e-01,-3.4786918945e+03,1.5311573029e+01,-6.3057999611e+00
661,3.4035096169e+00,3.5317242146e-04,-3.7150937500e+03,1.5554531097e+01,-7.2341246605e+00
662,3.3409340382e+00,-6.2972885370e-01,-3.7848725586e+03,1.5808823586e+01,-7.9544095993e+00
663,3.3551015854e+00,-1.2358958721e+00,-3.6419907227e+03,1.6043439865e+01,-8.4307298660e+00
664,3.4459965229e+00,-1.7232074738e+00,-3.3103771973e+03,1.6255323410e+01,-8.6673583984e+00
665,3.5785491467e+00,-2.0560164452e+00,-2.8665439453e+03,1.6433172226e+01,-8.6763820648e+00
666,3.7014439106e+00,-2.2866406441e+00,-2.4012260742e+03,1.6535707474e+01,-8.4398202896e+00
667,3.8124282360e+00,-2.3526587486e+00,-1.9793664551e+03,1.6567783356e+01,-7.9930872917e+00
668,3.9229931831e+00,-2.3053689003e+00,-1.6536544189e+03,1.6531965256e+01,-7.3431234360e+00
669,4.0058093071e+00,-2.2140872478e+00,-1.4476364746e+03,1.6428546906e+01,-6.5083360672e+00
670,4.0530300140e+00,-2.1688563824e+00,-1.3530291748e+03,1.6257028580e+01,-5.5229306221e+00
671,4.0639791489e+00,-2.1533195972e+00,-1.3432957764e+03,1.6035926819e+01,-4.3942384720e+00
672,4.0488848686e+00,-2.1499178410e+00,-1.4252902832e+03,1.5789073944e+01,-3.1271953583e+00
673,4.0164904594e+00,-2.1158268452e+00,-1.5795097656e+03,1.5533863068e+01,-1.7799103260e+00
674,3.9981443882e+00,-1.9668905735e+00,-1.8048706055e+03,1.5285562515e+01,-4.0230613947e-01
675,3.9723627567e+00,-1.8172826767e+00,-2.0799077148e+03,1.5095999718e+01,9.7541594505e-01
676,3.8817472458e+00,-1.6834803820e+00,-2.3885512695e+03,1.5002876282e+01,2.3714685440e+00
677,3.7766954899e+00,-1.4596943855e+00,-2.7482922363e+03,1.5006105423e+01,3.7282133102e+00
678,3.6600055695e+00,-1.1390123367e+00,-3.1248161621e+03,1.5108897209e+01,4.9973182678e+00
679,3.5372524261e+00,-7.0314532518e-01,-3.4823107910e+03,1.5284426689e+01,6.1314387321e+00
680,3.4242820740e+00,-1.4542198181e-01,-3.7585881348e+03,1.5523104668e+01,7.0934395790e+00
681,3.3511834145e+00,5.0660240650e-01,-3.8792956543e+03,1.5773543358e+01,7.8509969711e+00
682,3.3508353233e+00,1.1619064808e+00,-3.7854577637e+03,1.6009454727e+01,8.3687496185e+00
683,3.4304695129e+00,1.7019166946e+00,-3.4957189941e+03,1.6227848053e+01,8.6456756592e+00
684,3.5591404438e+00,2.0660414696e+00,-3.0757519531e+03,1.6407688141e+01,8.6941547394e+00
685,3.6862721443e+00,2.3017423153e+00,-2.6180478516e+03,1.6523950577e+01,8.4967126846e+00
686,3.7953598499e+00,2.4087164402e+00,-2.1927404785e+03,1.6562086105e+01,8.0799160004e+00
687,3.9092867374e+00,2.3565568924e+00,-1.8543486328e+03,1.6539390564e+01,7.4695672989e+00
688,3.9948830605e+00,2.2634971142e+00,-1.6311762695e+03,1.6444120407e+01,6.6592721939e+00
689,4.0499439240e+00,2.1888895035e+00,-1.5267187500e+03,1.6271808624e+01,5.7023286819e+00
690,4.0652279854e+00,2.1585671902e+00,-1.5001177979e+03,1.6067628860e+01,4.5955810547e+00
691,4.0538840294e+00,2.1428282261e+00,-1.5683372803e+03,1.5816761971e+01,3.3464944363e+00
692,4.0230035782e+00,2.1147508621e+00,-1.7064500732e+03,1.5564548492e+01,2.0129470825e+00
693,4.0007152557e+00,1.9919770956e+00,-1.9169860840e+03,1.5310123444e+01,6.3660228252e-01
694,3.9827117920e+00,1.8057575226e+00,-2.1788981934e+03,1.5107164383e+01,-7.3755568266e-01
695,3.8994326591e+00,1.6674436331e+00,-2.4772065430e+03,1.4991079330e+01,-2.1323761940e+00
696,3.7958860397e+00,1.4547225237e+00,-2.8144101562e+03,1.4983201981e+01,-3.4979789257e+00
697,3.6814770699e+00,1.1468582153e+00,-3.1844741211e+03,1.5067693710e+01,-4.7855749130e+00
698,3.5591692924e+00,7.3107427359e-01,-3.5374379883e+03,1.5230877876e+01,-5.9462542534e+00
699,3.4428136349e+00,2.0255482197e-01,-3.8205495605e+03,1.5462974548e+01,-6.9396038055e+00
700,3.3605422974e+00,-4.1448765993e-01,-3.9591259766e+03,1.5714097023e+01,-7.7365159988e+00
701,3.3461575508e+00,-1.0433527231e+00,-3.8853862305e+03,1.5953888893e+01,-8.2962446213e+00
702,3.4137568474e+00,-1.5809063911e+00,-3.6077326660e+03,1.6178941727e+01,-8.6145572662e+00
703,3.5370635986e+00,-1.9634325504e+00,-3.1839060059e+03,1.6365709305e+01,-8.7026910782e+00
704,3.6678738594e+00,-2.2241127491e+00,-2.7077399902e+03,1.6498161316e+01,-8.5482091904e+00
705,3.7763726711e+00,-2.3580319881e+00,-2.2550520020e+03,1.6547904968e+01,-8.1637258530e+00
706,3.8912577629e+00,-2.3270428181e+00,-1.8819138184e+03,1.6541349411e+01,-7.5943741798e+00
707,3.9800658226e+00,-2.2501280308e+00,-1.6229765625e+03,1.6453556061e+01,-6.8069438934e+00
708,4.0423097610e+00,-2.1807785034e+00,-1.4846837158e+03,1.6294792175e+01,-5.8813633919e+00
709,4.0623064041e+00,-2.1582243443e+00,-1.4292786865e+03,1.6102821350e+01,-4.7962436676e+00
710,4.0549883842e+00,-2.1528720856e+00,-1.4705993652e+03,1.5855544090e+01,-3.5725600719e+00
711,4.0265679359e+00,-2.1385037899e+00,-1.5808294678e+03,1.5602729797e+01,-2.2519271374e+00
712,3.9987196922e+00,-2.0308248997e+00,-1.7753179932e+03,1.5357229233e+01,-8.7886571884e-01
713,3.9869294167e+00,-1.8585308790e+00,-2.0094813232e+03,1.5134846687e+01,4.9662616849e-01
714,3.9139766693e+00,-1.7400826216e+00,-2.3033544922e+03,1.5009065628e+01,1.8864004612e+00
715,3.8114731312e+00,-1.5480749607e+00,-2.6190031738e+03,1.4984892845e+01,3.2588534355e+00
716,3.6993625164e+00,-1.2633826733e+00,-2.9819289551e+03,1.5051558495e+01,4.5641913414e+00
717,3.5777506828e+00,-8.6914134026e-01,-3.3364074707e+03,1.5206563950e+01,5.7491383553e+00
718,3.4587185383e+00,-3.5349726677e-01,-3.6353251953e+03,1.5430691719e+01,6.7755427361e+00
719,3.3679540157e+00,2.7247831225e-01,-3.8069343262e+03,1.5680986404e+01,7.6092839241e+00
720,3.3394043446e+00,9.4077944756e-01,-3.7767707520e+03,1.5924129486e+01,8.2126779556e+00
721,3.3932435513e+00,1.5321340561e+00,-3.5407011719e+03,1.6155046463e+01,8.5721950531e+00
722,3.5097589493e+00,1.9585903883e+00,-3.1455261230e+03,1.6346736908e+01,8.7004213333e+00
723,3.6438250542e+00,2.2278718948e+00,-2.6820585938e+03,1.6494640350e+01,8.5906295776e+00
724,3.7549057007e+00,2.3948502541e+00,-2.2310246582e+03,1.6558740616e+01,8.2412929535e+00
725,3.8708806038e+00,2.3786938190e+00,-1.8502290039e+03,1.6563764572e+01,7.7073726654e+00
726,3.9657738209e+00,2.3022398949e+00,-1.5806870117e+03,1.6488162994e+01,6.9521245956e+00
727,4.0361037254e+00,2.2032334805e+00,-1.4301384277e+03,1.6346649170e+01,6.0530910492e+00
728,4.0625548363e+00,2.1642897129e+00,-1.3806363525e+03,1.6147266388e+01,4.9854846001e+00
729,4.0599856377e+00,2.1450324059e+00,-1.4097520752e+03,1.5917164803e+01,3.7931771278e+00
730,4.0345926285e+00,2.1269309521e+00,-1.5259466553e+03,1.5659774780e+01,2.4866926670e+00
731,4.0040707588e+00,2.0496275425e+00,-1.7151241455e+03,1.5405032158e+01,1.1116204262e+00
732,3.9941425323e+00,1.8635673523e+00,-1.9596464844e+03,1.5173874855e+01,-2.6711517572e-01
733,3.9335341454e+00,1.7165712118e+00,-2.2605939941e+03,1.5030625343e+01,-1.6541652679e+00
734,3.8322253227e+00,1.5380376577e+00,-2.5811149902e+03,1.4987917900e+01,-3.0335843563e+00
735,3.7221102715e+00,1.2646455765e+00,-2.9528027344e+03,1.5036837578e+01,-4.3558230400e+00
736,3.6008942127e+00,8.8893842697e-01,-3.3225329590e+03,1.5181898117e+01,-5.5643606186e+00
737,3.4799706936e+00,4.0049833059e-01,-3.6470227051e+03,1.5389542580e+01,-6.6194515228e+00
738,3.3817555904e+00,-1.8942931294e-01,-3.8541210938e+03,1.5638302803e+01,-7.4861807823e+00
739,3.3399207592e+00,-8.2441407442e-01,-3.8706213379e+03,1.5885159492e+01,-8.1328315735e+00
740,3.3797473907e+00,-1.4033461809e+00,-3.6755673828e+03,1.6116029739e+01,-8.5314464569e+00
741,3.4879350662e+00,-1.8424724340e+00,-3.3070332031e+03,1.6313083649e+01,-8.6967325211e+00
742,3.6228129864e+00,-2.1379687786e+00,-2.8540708008e+03,1.6471940994e+01,-8.6290636063e+00
743,3.7368638515e+00,-2.3321163654e+00,-2.4009902344e+03,1.6548089981e+01,-8.3172435760e+00
744,3.8512291908e+00,-2.3425548077e+00,-2.0074077148e+03,1.6562433243e+01,-7.8144330978e+00
745,3.9514987469e+00,-2.2848367691e+00,-1.7195666504e+03,1.6497230530e+01,-7.0959591866e+00
746,4.0270276070e+00,-2.1954162121e+00,-1.5502601318e+03,1.6371770859e+01,-6.2188925743e+00
747,4.0597472191e+00,-2.1647145748e+00,-1.4845731201e+03,1.6175561905e+01,-5.1774096489e+00
748,4.0617527962e+00,-2.1551811695e+00,-1.4981868896e+03,1.5947299004e+01,-4.0121636391e+00
749,4.0397272110e+00,-2.1498987675e+00,-1.5992672119e+03,1.5693525314e+01,-2.7185814381e+00
750,4.0078921318e+00,-2.0846822262e+00,-1.7720629883e+03,1.5437313080e+01,-1.3503617048e+00
751,3.9974248409e+00,-1.9115389585e+00,-2.0030596924e+03,1.5196727753e+01,2.8419416398e-02
752,3.9487984180e+00,-1.7863584757e+00,-2.2925566406e+03,1.5038949966e+01,1.4111219645e+00
753,3.8501021862e+00,-1.6263736486e+00,-2.5993996582e+03,1.4976660728e+01,2.7972548008e+00
754,3.7430138588e+00,-1.3738040924e+00,-2.9620449219e+03,1.5004619598e+01,4.1329073906e+00
755,3.6234903336e+00,-1.0184060335e+00,-3.3243891602e+03,1.5143330574e+01,5.3598713875e+00
756,3.5013790131e+00,-5.4379945993e-01,-3.6550078125e+03,1.5343259811e+01,6.4457292557e+00
757,3.3973000050e+00,5.0262987614e-02,-3.8792988281e+03,1.5585234642e+01,7.3467330933e+00
758,3.3436999321e+00,7.1816474199e-01,-3.9216042480e+03,1.5835825920e+01,8.0339527130e+00
759,3.3695650101e+00,1.3501349688e+00,-3.7495493164e+03,1.6069013596e+01,8.4755334854e+00
760,3.4687528610e+00,1.8384488821e+00,-3.3923417969e+03,1.6273263931e+01,8.6789922714e+00
761,3.6028008461e+00,2.1516513824e+00,-2.9340180664e+03,1.6443721771e+01,8.6532707214e+00
762,3.7211060524e+00,2.3583717346e+00,-2.4640168457e+03,1.6533777237e+01,8.3825912476e+00
763,3.8325948715e+00,2.4016644955e+00,-2.0448953857e+03,1.6558578491e+01,7.9119219780e+00
764,3.9377739429e+00,2.3353214264e+00,-1.7267849121e+03,1.6507787704e+01,7.2311110497e+00
765,4.0166373253e+00,2.2299678326e+00,-1.5279984131e+03,1.6397512436e+01,6.3770484924e+00
766,4.0562529564e+00,2.1758432388e+00,-1.4370162354e+03,1.6215610504e+01,5.3662357330e+00
767,4.0626053810e+00,2.1507005692e+00,-1.4282320557e+03,1.5986350060e+01,4.2223205566e+00
768,4.0438237190e+00,2.1352858543e+00,-1.5091236572e+03,1.5741634369e+01,2.9443938732e+00
769,4.0106043816e+00,2.0899441242e+00,-1.6620192871e+03,1.5484631538e+01,1.5872771740e+00
770,3.9959900379e+00,1.9313347340e+00,-1.8779902344e+03,1.5235899925e+01,2.0859302580e-01
771,3.9606697559e+00,1.7612473965e+00,-2.1564411621e+03,1.5066282272e+01,-1.1696304083e+00
772,3.8655030727e+00,1.6104855537e+00,-2.4514782715e+03,1.4985362053e+01,-2.5610771179e+00
773,3.7597539425e+00,1.3695365191e+00,-2.8054782715e+03,1.4997643471e+01,-3.9081771374e+00
774,3.6411747932e+00,1.0313529968e+00,-3.1656643066e+03,1.5122837067e+01,-5.1600103378e+00
775,3.5185291767e+00,5.8245873451e-01,-3.5066918945e+03,1.5305865288e+01,-6.2720751762e+00
776,3.4089422226e+00,2.4586126208e-02,-3.7542172852e+03,1.5549143791e+01,-7.2087631226e+00
777,3.3437871933e+00,-6.0457867384e-01,-3.8379597168e+03,1.5799818039e+01,-7.9352068901e+00
778,3.3545138836e+00,-1.2138642073e+00,-3.7070908203e+03,1.6035219193e+01,-8.4197683334e+00
779,3.4428441525e+00,-1.7073944807e+00,-3.3864614258e+03,1.6248289108e+01,-8.6643486023e+00
780,3.5745110512e+00,-2.0456645489e+00,-2.9481279297e+03,1.6426622391e+01,-8.6811723709e+00
781,3.6982319355e+00,-2.2804744244e+00,-2.4843186035e+03,1.6531349182e+01,-8.4522476196e+00
782,3.8084888458e+00,-2.3546018600e+00,-2.0609377441e+03,1.6564228058e+01,-8.0115280151e+00
783,3.9197881222e+00,-2.3088216782e+00,-1.7311168213e+03,1.6531108856e+01,-7.3693542480e+00
784,4.0030937195e+00,-2.2185413837e+00,-1.5200042725e+03,1.6428205490e+01,-6.5392551422e+00
785,4.0520033836e+00,-2.1711678505e+00,-1.4202944336e+03,1.6258125305e+01,-5.5603232384e+00
786,4.0638828278e+00,-2.1550025940e+00,-1.4054232178e+03,1.6039020538e+01,-4.4364032745e+00
787,4.0496196747e+00,-2.1516587734e+00,-1.4820100098e+03,1.5791265488e+01,-3.1728646755e+00
788,4.0175499916e+00,-2.1200759411e+00,-1.6302071533e+03,1.5535737991e+01,-1.8277192116e+00
789,3.9984624386e+00,-1.9746356010e+00,-1.8497928467e+03,1.5286406517e+01,-4.5074507594e-01
790,3.9746043682e+00,-1.8228560686e+00,-2.1193632812e+03,1.5094222069e+01,9.2575305700e-01
791,3.8854553699e+00,-1.6916549206e+00,-2.4221672363e+03,1.4996999741e+01,2.3224384785e+00
792,3.7809667587e+00,-1.4712131023e+00,-2.7760886230e+03,1.4997355461e+01,3.6808543205e+00
793,3.6649034023e+00,-1.1545181274e+00,-3.1477453613e+03,1.5097543716e+01,4.9537711143e+00
794,3.5423138142e+00,-7.2303676605e-01,-3.5021027832e+03,1.5270524979e+01,6.0933046341e+00
795,3.4285840988e+00,-1.6933795810e-01,-3.7775214844e+03,1.5508350372e+01,7.0615668297e+00
796,3.3533329964e+00,4.8100078106e-01,-3.8998713379e+03,1.5759572983e+01,7.8272151947e+00
797,3.3497502804e+00,1.1393480301e+00,-3.8075979004e+03,1.5996432304e+01,8.3534917831e+00
798,3.4267423153e+00,1.6858469248e+00,-3.5172446289e+03,1.6216466904e+01,8.6390218735e+00
799,3.5542945862e+00,2.0565192699e+00,-3.0928588867e+03,1.6398376465e+01,8.6956205368e+00
800,3.6823756695e+00,2.2949981689e+00,-2.6275671387e+03,1.6518310547e+01,8.5069875717e+00
801,3.7910838127e+00,2.4092004299e+00,-2.1928864746e+03,1.6558715820e+01,8.0966129303e+00
802,3.9052224159e+00,2.3593418598e+00,-1.8436840820e+03,1.6539869308e+01,7.4951763153e+00
803,3.9913604259e+00,2.2678837776e+00,-1.6097929688e+03,1.6446050644e+01,6.6892185211e+00
804,4.0480713844e+00,2.1898572445e+00,-1.4953253174e+03,1.6276863098e+01,5.7394728661e+00
805,4.0643768311e+00,2.1583261490e+00,-1.4601536865e+03,1.6076450348e+01,4.6371436119e+00
806,4.0538949966e+00,2.1420457363e+00,-1.5205664062e+03,1.5825732231e+01,3.3924920559e+00
807,4.0232796669e+00,2.1157641411e+00,-1.6513699951e+03,1.5575763702e+01,2.0624217987e+00
808,3.9995002747e+00,1.9990330935e+00,-1.8559172363e+03,1.5320819855e+01,6.8621528149e-01
809,3.9836130142e+00,1.8111503124e+00,-2.1080937500e+03,1.5112861633e+01,-6.9010418653e-01
810,3.9022121429e+00,1.6726753712e+00,-2.4131433105e+03,1.4997985840e+01,-2.0827851295e+00
811,3.7988030910e+00,1.4641644955e+00,-2.7409716797e+03,1.4985306740e+01,-3.4497170448e+00
812,3.6848149300e+00,1.1607497931e+00,-3.1104045410e+03,1.5066932678e+01,-4.7409520149e+00
813,3.5625367165e+00,7.5019878149e-01,-3.4642021484e+03,1.5228398323e+01,-5.9069862366e+00
814,3.4454200268e+00,2.2698925436e-01,-3.7521923828e+03,1.5459172249e+01,-6.9070630074e+00
815,3.3610272408e+00,-3.8644289970e-01,-3.9002099609e+03,1.5710142136e+01,-7.7121438980e+00
816,3.3432288170e+00,-1.0159534216e+00,-3.8389760742e+03,1.5950790405e+01,-8.2810945511e+00
817,3.4075686932e+00,-1.5585750341e+00,-3.5739045410e+03,1.6177206039e+01,-8.6079425812e+00
818,3.5294022560e+00,-1.9479017258e+00,-3.1598666992e+03,1.6364797592e+01,-8.7044830322e+00
819,3.6611986160e+00,-2.2128312588e+00,-2.6897775879e+03,1.6500724792e+01,-8.5592784882e+00
820,3.7703170776e+00,-2.3550360203e+00,-2.2404138184e+03,1.6552738190e+01,-8.1816625595e+00
821,3.8859426975e+00,-2.3279304504e+00,-1.8682939453e+03,1.6549249649e+01,-7.6202735901e+00
822,3.9763679504e+00,-2.2538721561e+00,-1.6096173096e+03,1.6463697433e+01,-6.8384590149e+00
823,4.0408267975e+00,-2.1817452908e+00,-1.4721093750e+03,1.6306350708e+01,-5.9176807404e+00
824,4.0624365807e+00,-2.1585981846e+00,-1.4185134277e+03,1.6114803314e+01,-4.8356642723e+00
825,4.0563969612e+00,-2.1529803276e+00,-1.4621151123e+03,1.5869344711e+01,-3.6179058552e+00
826,4.0282750130e+00,-2.1398978233e+00,-1.5762971191e+03,1.5622300148e+01,-2.3027791977e+00
827,4.0003495216e+00,-2.0374262333e+00,-1.7673151855e+03,1.5364037514e+01,-9.2640191317e-01
828,3.9893381596e+00,-1.8639119864e+00,-2.0100317383e+03,1.5143754005e+01,4.4966363907e-01
829,3.9188423157e+00,-1.7458312511e+00,-2.3079765625e+03,1.5014356613e+01,1.8387058973e+00
830,3.8166568279e+00,-1.5573120117e+00,-2.6272707520e+03,1.4986394882e+01,3.2135598660e+00
831,3.7050569057e+00,-1.2761774063e+00,-2.9945000000e+03,1.5048694611e+01,4.5227718353e+00
832,3.5836312771e+00,-8.8610684872e-01,-3.3543764648e+03,1.5201087952e+01,5.7122411728e+00
833,3.4641005993e+00,-3.7470149994e-01,-3.6604213867e+03,1.5422694206e+01,6.7450346947e+00
834,3.3716392517e+00,2.4836491048e-01,-3.8413415527e+03,1.5672180176e+01,7.5855741501e+00
835,3.3401787281e+00,9.1753673553e-01,-3.8213625488e+03,1.5915375710e+01,8.1969537735e+00
836,3.3910505772e+00,1.5140143633e+00,-3.5939099121e+03,1.6146648407e+01,8.5643320084e+00
837,3.5058691502e+00,1.9472137690e+00,-3.2037875977e+03,1.6338989258e+01,8.7002105713e+00
838,3.6401786804e+00,2.2205426693e+00,-2.7413874512e+03,1.6489044189e+01,8.5985488892e+00
839,3.7516660690e+00,2.3926627636e+00,-2.2888220215e+03,1.6555601120e+01,8.2563962936e+00
840,3.8671815395e+00,2.3818352222e+00,-1.9041188965e+03,1.6562170029e+01,7.7289462090e+00
841,3.9629533291e+00,2.3067510128e+00,-1.6294454346e+03,1.6488286972e+01,6.9809112549e+00
842,4.0343284607e+00,2.2060427666e+00,-1.4735660400e+03,1.6349802017e+01,6.0864372253e+00
843,4.0618796349e+00,2.1660172939e+00,-1.4190805664e+03,1.6150836945e+01,5.0237774849e+00
844,4.0601534843e+00,2.1462750435e+00,-1.4431778564e+03,1.5921079636e+01,3.8371484280e+00
845,4.0353598595e+00,2.1286926270e+00,-1.5542724609e+03,1.5664322853e+01,2.5332059860e+00
846,4.0043983459e+00,2.0549616814e+00,-1.7380107422e+03,1.5408938408e+01,1.1590675116e+00
847,3.9944870472e+00,1.8704741001e+00,-1.9776033936e+03,1.5176209450e+01,-2.1949942410e-01
848,3.9363398552e+00,1.7219259739e+00,-2.2740041504e+03,1.5029511452e+01,-1.6057834625e+00
849,3.8354852200e+00,1.5465887785e+00,-2.5894338379e+03,1.4983322144e+01,-2.9863195419e+00
850,3.7259218693e+00,1.2765079737e+00,-2.9567500000e+03,1.5029157639e+01,-4.3116340637e+00
851,3.6053617001e+00,9.0476542711e-01,-3.3234702148e+03,1.5169116020e+01,-5.5222163200e+00
852,3.4838905334e+00,4.2023789883e-01,-3.6461684570e+03,1.5380850792e+01,-6.5846505165e+00
853,3.3842899799e+00,-1.6692510247e-01,-3.8566176758e+03,1.5626483917e+01,-7.4586472511e+00
854,3.3397839069e+00,-8.0206930637e-01,-3.8754550781e+03,1.5872310638e+01,-8.1120519638e+00
855,3.3766655922e+00,-1.3849040270e+00,-3.6837841797e+03,1.6106285095e+01,-8.5217285156e+00
856,3.4830296040e+00,-1.8299973011e+00,-3.3168403320e+03,1.6304338455e+01,-8.6949710846e+00
857,3.6178145409e+00,-2.1293027401e+00,-2.8605646973e+03,1.6466014862e+01,-8.6359348297e+00
858,3.7327272892e+00,-2.3282897472e+00,-2.4023823242e+03,1.6545654297e+01,-8.3320837021e+00
859,3.8465416431e+00,-2.3443529606e+00,-2.0021373291e+03,1.6562370300e+01,-7.8363251686e+00
860,3.9479603767e+00,-2.2878544331e+00,-1.7067436523e+03,1.6500082016e+01,-7.1253857613e+00
861,4.0243353844e+00,-2.1970760822e+00,-1.5302573242e+03,1.6378358841e+01,-6.2519884109e+00
862,4.0585374832e+00,-2.1648595333e+00,-1.4583966064e+03,1.6184633255e+01,-5.2165474892e+00
863,4.0615348816e+00,-2.1545462608e+00,-1.4665749512e+03,1.5956292152e+01,-4.0560770035e+00
864,4.0402131081e+00,-2.1497373581e+00,-1.5628500977e+03,1.5704789162e+01,-2.7655513287e+00
865,4.0079340935e+00,-2.0891335011e+00,-1.7310759277e+03,1.5448449135e+01,-1.3986704350e+00
866,3.9967689514e+00,-1.9175962210e+00,-1.9588350830e+03,1.5205900192e+01,-2.0247396082e-02
867,3.9512104988e+00,-1.7897406816e+00,-2.2461293945e+03,1.5045752525e+01,1.3617180586e+00
868,3.8531169891e+00,-1.6333619356e+00,-2.5507153320e+03,1.4979940414e+01,2.7487571239e+00
869,3.7463583946e+00,-1.3843811750e+00,-2.9121318359e+03,1.5004191399e+01,4.0873675346e+00
870,3.6267509460e+00,-1.0335826874e+00,-3.2746857910e+03,1.5143117905e+01,5.3207564354e+00
871,3.5047526360e+00,-5.6399613619e-01,-3.6093210449e+03,1.5334729195e+01,6.4106807709e+00
872,3.3994696140e+00,2.5431320071e-02,-3.8387470703e+03,1.5579054832e+01,7.3181524277e+00
873,3.3433027267e+00,6.9148713350e-01,-3.8926965332e+03,1.5830843925e+01,8.0139551163e+00
874,3.3659148216e+00,1.3265841007e+00,-3.7311552734e+03,1.6064065933e+01,8.4640111923e+00
875,3.4629049301e+00,1.8214460611e+00,-3.3832646484e+03,1.6269840240e+01,8.6753787994e+00
876,3.5966329575e+00,2.1406636238e+00,-2.9309162598e+03,1.6442314148e+01,8.6585912704e+00
877,3.7161462307e+00,2.3514103889e+00,-2.4639121094e+03,1.6535100937e+01,8.3965606689e+00
878,3.8274114132e+00,2.4027006626e+00,-2.0454321289e+03,1.6561525345e+01,7.9319138527e+00
879,3.9340982437e+00,2.3377974033e+00,-1.7263990479e+03,1.6513824463e+01,7.2587628365e+00
880,4.0140204430e+00,2.2334668636e+00,-1.5266256104e+03,1.6405334473e+01,6.4099545479e+00
881,4.0556192398e+00,2.1771676540e+00,-1.4354343262e+03,1.6225631714e+01,5.4057698250e+00
882,4.0631580353e+00,2.1514108181e+00,-1.4269299316e+03,1.5997095108e+01,4.2651987076e+00
883,4.0453081131e+00,2.1361138821e+00,-1.5084802246e+03,1.5752652168e+01,2.9902453423e+00
884,4.0122375488e+00,2.0933766365e+00,-1.6619050293e+03,1.5495285034e+01,1.6358557940e+00
885,3.9968667030e+00,1.9387942553e+00,-1.8791077881e+03,1.5244741440e+01,2.5665870309e-01
886,3.9639744759e+00,1.7662501335e+00,-2.1592795410e+03,1.5072343826e+01,-1.1207400560e+00
887,3.8698406219e+00,1.6176766157e+00,-2.4558364258e+03,1.4987128258e+01,-2.5134310722e+00
888,3.7644262314e+00,1.3799984455e+00,-2.8114025879e+03,1.4996505737e+01,-3.8624494076e+00
889,3.6462187767e+00,1.0454205275e+00,-3.1740815430e+03,1.5117534637e+01,-5.1189169884e+00
890,3.5235064030e+00,6.0034108162e-01,-3.5192214355e+03,1.5297660828e+01,-6.2367167473e+00
891,3.4129731655e+00,4.5701846480e-02,-3.7729035645e+03,1.5539756775e+01,-7.1801042557e+00
892,3.3456368446e+00,-5.8249664307e-01,-3.8650485840e+03,1.5790497780e+01,-7.9145255089e+00
893,3.3533916473e+00,-1.1945438385e+00,-3.7420373535e+03,1.6026201248e+01,-8.4076480865e+00
894,3.4394421577e+00,-1.6934309006e+00,-3.4273420410e+03,1.6240530014e+01,-8.6602621078e+00
895,3.5703239441e+00,-2.0365662575e+00,-2.9912622070e+03,1.6419944763e+01,-8.6854677200e+00
896,3.6948912144e+00,-2.2747316360e+00,-2.5266662598e+03,1.6527387619e+01,-8.4648504257e+00
897,3.8046538830e+00,-2.3559446335e+00,-2.1003049316e+03,1.6561710358e+01,-8.0304632187e+00
898,3.9166026115e+00,-2.3113842010e+00,-1.7657484131e+03,1.6531684875e+01,-7.3965821266e+00
899,4.0004248619e+00,-2.2221312523e+00,-1.5493981934e+03,1.6429800034e+01,-6.5709881783e+00
900,4.0508975983e+00,-2.1726050377e+00,-1.4448323975e+03,1.6261888504e+01,-5.5985736847e+00
901,4.0636649132e+00,-2.1557834148e+00,-1.4254475098e+03,1.6045503616e+01,-4.4792008400e+00
902,4.0501680374e+00,-2.1523625851e+00,-1.4975852051e+03,1.5797152519e+01,-3.2192361355e+00
903,4.0183773041e+00,-2.1230800152e+00,-1.6410485840e+03,1.5542126656e+01,-1.8767253160e+00
904,3.9984419346e+00,-1.9812600613e+00,-1.8563767090e+03,1.5291919708e+01,-4.9992477894e-01
905,3.9763386250e+00,-1.8270723820e+00,-2.1222727051e+03,1.5097277641e+01,8.7544488907e-01
906,3.8886399269e+00,-1.6980637312e+00,-2.4212749023e+03,1.4995537758e+01,2.2727973461e+00
907,3.7849092484e+00,-1.4805318117e+00,-2.7734858398e+03,1.4989433289e+01,3.6308088303e+00
908,3.6689698696e+00,-1.1676391363e+00,-3.1386247559e+03,1.5094538689e+01,4.9082565308e+00
909,3.5464651585e+00,-7.4031198025e-01,-3.4948947754e+03,1.5260700226e+01,6.0541615486e+00
910,3.4320631027e+00,-1.9069774449e-01,-3.7708781738e+03,1.5497053146e+01,7.0288381577e+00
911,3.3549163342e+00,4.5748972893e-01,-3.8979033203e+03,1.5749032021e+01,7.8028769493e+00
912,3.3484420776e+00,1.1178897619e+00,-3.8107841797e+03,1.5986719131e+01,8.3381700516e+00
913,3.4229712486e+00,1.6699573994e+00,-3.5242463379e+03,1.6208164215e+01,8.6323814392e+00
914,3.5494999886e+00,2.0467660427e+00,-3.1004958496e+03,1.6391843796e+01,8.6971054077e+00
915,3.6784741879e+00,2.2881801128e+00,-2.6328608398e+03,1.6515136719e+01,8.5171804428e+00
916,3.7870984077e+00,2.4089522362e+00,-2.1940017090e+03,1.6557710648e+01,8.1129856110e+00
917,3.9016251564e+00,2.3616530895e+00,-1.8391051025e+03,1.6542301178e+01,7.5201425552e+00
918,3.9885046482e+00,2.2718963623e+00,-1.5993492432e+03,1.6449625015e+01,6.7184505463e+00
919,4.0468192101e+00,2.1910307407e+00,-1.4795479736e+03,1.6283079147e+01,5.7753458023e+00
920,4.0641407967e+00,2.1586177349e+00,-1.4401032715e+03,1.6085737228e+01,4.6773576736e+00
921,4.0545125008e+00,2.1419827938e+00,-1.4967430420e+03,1.5835042000e+01,3.4381902218e+00
922,4.0242729187e+00,2.1171185970e+00,-1.6239412842e+03,1.5586335182e+01,2.1106228828e+00
923,3.9993932247e+00,2.0054316521e+00,-1.8257344971e+03,1.5330220222e+01,7.3512804508e-01
924,3.9847958088e+00,1.8164123297e+00,-2.0761706543e+03,1.5119906425e+01,-6.4081668854e-01
925,3.9055347443e+00,1.6777219772e+00,-2.3799873047e+03,1.5002068520e+01,-2.0329630375e+00
926,3.8022627831e+00,1.4728100300e+00,-2.7063588867e+03,1.4985874176e+01,-3.4015357494e+00
927,3.6886796951e+00,1.1730549335e+00,-3.0758034668e+03,1.5063738823e+01,-4.6963701248e+00
928,3.5664675236e+00,7.6676177979e-01,-3.4314287109e+03,1.5223523140e+01,-5.8676228523e+00
929,3.4487257004e+00,2.4776749313e-01,-3.7239470215e+03,1.5452508926e+01,-6.8745126724e+00
930,3.3625464439e+00,-3.6295866966e-01,-3.8797749023e+03,1.5703210831e+01,-7.6872653961e+00
931,3.3418543339e+00,-9.9331343174e-01,-3.8282526855e+03,1.5944388390e+01,-8.2651853561e+00
932,3.4034116268e+00,-1.5403993130e+00,-3.5723120117e+03,1.6172058105e+01,-8.6004705429e+00
933,3.5239005089e+00,-1.9355063438e+00,-3.1646748047e+03,1.6360347748e+01,-8.7050466537e+00
934,3.6563727856e+00,-2.2039206028e+00,-2.6976657715e+03,1.6499479294e+01,-8.5688180923e+00
935,3.7658953667e+00,-2.3530015945e+00,-2.2490307617e+03,1.6554258347e+01,-8.1984100342e+00
936,3.8817920685e+00,-2.3293507099e+00,-1.8755924072e+03,1.6553117752e+01,-7.6445336342e+00
937,3.9733912945e+00,-2.2575409412e+00,-1.6148801270e+03,1.6470052719e+01,-6.8685808182e+00
938,4.0396041870e+00,-2.1832168102e+00,-1.4717374268e+03,1.6319272995e+01,-5.9557247162e+00
939,4.0623884201e+00,-2.1591732502e+00,-1.4267784424e+03,1.6118137360e+01,-4.8739743233e+00
940,4.0573554039e+00,-2.1533010006e+00,-1.4638696289e+03,1.5879340172e+01,-3.6629312038e+00
941,4.0299019814e+00,-2.1414601803e+00,-1.5778093262e+03,1.5632174492e+01,-2.3505027294e+00
942,4.0014076233e+00,-2.0434756279e+00,-1.7682242432e+03,1.5373359680e+01,-9.7424042225e-01
943,3.9909613132e+00,-1.8690261841e+00,-2.0110812988e+03,1.5149881363e+01,4.0334129333e-01
944,3.9228041172e+00,-1.7510092258e+00,-2.3095061035e+03,1.5017205238e+01,1.7911552191e+00
945,3.8209435940e+00,-1.5656877756e+00,-2.6288342285e+03,1.4985614777e+01,3.1675672531e+00
946,3.7098350525e+00,-1.2878299952e+00,-2.9969677734e+03,1.5044318199e+01,4.4799623489e+00
947,3.5886237621e+00,-9.0163242817e-01,-3.3590380859e+03,1.5194235802e+01,5.6737031937e+00
948,3.4687006474e+00,-3.9421913028e-01,-3.6691345215e+03,1.5413796425e+01,6.7126851082e+00
949,3.3747673035e+00,2.2599904239e-01,-3.8565134277e+03,1.5662607193e+01,7.5600070953e+00
950,3.3406610489e+00,8.9577734470e-01,-3.8442343750e+03,1.5906235695e+01,8.1796731949e+00
951,3.3888528347e+00,1.4967792034e+00,-3.6233256836e+03,1.6138166428e+01,8.5552616119e+00
952,3.5021045208e+00,1.9361734390e+00,-3.2367746582e+03,1.6331542969e+01,8.6988859177e+00
953,3.6366119385e+00,2.2133924961e+00,-2.7744541016e+03,1.6484012604e+01,8.6058044434e+00
954,3.7485973835e+00,2.3900334835e+00,-2.3197031250e+03,1.6553205490e+01,8.2712373734e+00
955,3.8636944294e+00,2.3844120502e+00,-1.9308420410e+03,1.6561716080e+01,7.7502236366e+00
956,3.9603936672e+00,2.3104598522e+00,-1.6510794678e+03,1.6490009308e+01,7.0095977783e+00
957,4.0327401161e+00,2.2083230019e+00,-1.4901888428e+03,1.6354999542e+01,6.1196622849e+00
958,4.0614309311e+00,2.1671123505e+00,-1.4313059082e+03,1.6156631470e+01,5.0620579720e+00
959,4.0605487823e+00,2.1468567848e+00,-1.4512336426e+03,1.5927459717e+01,3.8811314106e+00
960,4.0363407135e+00,2.1297194958e+00,-1.5583320312e+03,1.5671354294e+01,2.5795297623e+00
961,4.0049057007e+00,2.0596101284e+00,-1.7379569092e+03,1.5415908813e+01,1.2069075108e+00
962,3.9948277473e+00,1.8770204782e+00,-1.9741290283e+03,1.5181246758e+01,-1.7164134979e-01
963,3.9392192364e+00,1.7265040874e+00,-2.2676669922e+03,1.5031418800e+01,-1.5569849014e+00
964,3.8387730122e+00,1.5542771816e+00,-2.5798095703e+03,1.4981481552e+01,-2.9389822483e+00
965,3.7296571732e+00,1.2874535322e+00,-2.9445859375e+03,1.5024030685e+01,-4.2672824860e+00
966,3.6093602180e+00,9.1956084967e-01,-3.3102043457e+03,1.5161877632e+01,-5.4818496704e+00
967,3.4876320362e+00,4.3899321556e-01,-3.6338930664e+03,1.5371712685e+01,-6.5500659943e+00
968,3.3867557049e+00,-1.4513185620e-01,-3.8480988770e+03,1.5616658211e+01,-7.4310092926e+00
969,3.3397123814e+00,-7.8015303612e-01,-3.8730903320e+03,1.5863375664e+01,-8.0927762985e+00
970,3.3737285137e+00,-1.3664473295e+00,-3.6872546387e+03,1.6097801208e+01,-8.5113039017e+00
971,3.4782557487e+00,-1.8171588182e+00,-3.3240236816e+03,1.6297388077e+01,-8.6922492981e+00
972,3.6129493713e+00,-2.1204123497e+00,-2.8681323242e+03,1.6461366653e+01,-8.6418170929e+00
973,3.7287435532e+00,-2.3240504265e+00,-2.4079550781e+03,1.6544061661e+01,-8.3459825516e+00
974,3.8421590328e+00,-2.3458652496e+00,-2.0038605957e+03,1.6562856674e+01,-7.8571619987e+00
975,3.9447810650e+00,-2.2906546593e+00,-1.7036389160e+03,1.6503553391e+01,-7.1538085938e+00
976,4.0220422745e+00,-2.1989657879e+00,-1.5224703369e+03,1.6385213852e+01,-6.2849593163e+00
977,4.0577583313e+00,-2.1654043198e+00,-1.4468013916e+03,1.6194164276e+01,-5.2554316521e+00
978,4.0617494583e+00,-2.1544508934e+00,-1.4517257080e+03,1.5965243340e+01,-4.0995340347e+00
979,4.0411729813e+00,-2.1500346661e+00,-1.5452164307e+03,1.5715411186e+01,-2.8121201992e+00
980,4.0086784363e+00,-2.0933945179e+00,-1.7107127686e+03,1.5458761215e+01,-1.4470645189e+00
981,3.9968750477e+00,-1.9237093925e+00,-1.9367357178e+03,1.5214284897e+01,-6.8676218390e-02
982,3.9540376663e+00,-1.7934837341e+00,-2.2230314941e+03,1.5051627159e+01,1.3126013279e+00
983,3.8566381931e+00,-1.6403698921e+00,-2.5264877930e+03,1.4982041359e+01,2.7007124424e+00
984,3.7502493858e+00,-1.3946676254e+00,-2.8874118652e+03,1.5002832413e+01,4.0419478416e+00
985,3.6309559345e+00,-1.0478937626e+00,-3.2508049316e+03,1.5138356209e+01,5.2798848152e+00
986,3.5088195801e+00,-5.8275002241e-01,-3.5884704590e+03,1.5327876091e+01,6.3754143715e+00
987,3.4024348259e+00,2.6896744967e-03,-3.8236818848e+03,1.5571425438e+01,7.2898869514e+00
988,3.3439610004e+00,6.6735559702e-01,-3.8862976074e+03,1.5823799133e+01,7.9938368797e+00
989,3.3635864258e+00,1.3055667877e+00,-3.7333417969e+03,1.6057083130e+01,8.4525632858e+00
990,3.4584891796e+00,1.8065754175e+00,-3.3923200684e+03,1.6264610291e+01,8.6722707748e+00
991,3.5918087959e+00,2.1313238144e+00,-2.9435449219e+03,1.6438713074e+01,8.6641044617e+00
992,3.7123672962e+00,2.3454895020e+00,-2.4773764648e+03,1.6534265518e+01,8.4104900360e+00
993,3.8232474327e+00,2.4041066170e+00,-2.0576127930e+03,1.6562187195e+01,7.9516625404e+00
994,3.9310715199e+00,2.3404040337e+00,-1.7358519287e+03,1.6517724991e+01,7.2857384682e+00
995,4.0117712021e+00,2.2370254993e+00,-1.5332347412e+03,1.6410890579e+01,6.4420595169e+00
996,4.0551033020e+00,2.1785035133e+00,-1.4398598633e+03,1.6233591080e+01,5.4442591667e+00
997,4.0636525154e+00,2.1521370411e+00,-1.4296264648e+03,1.6006813049e+01,4.3075881004e+00
998,4.0466275215e+00,2.1368603706e+00,-1.5097143555e+03,1.5761631966e+01,3.0352590084e+00
999,4.0136828423e+00,2.0964922905e+00,-1.6615192871e+03,1.5504451752e+01,1.6837434769e+00
