step,vx_187_62,vy_187_62,pressure_187_62,Cd,Cl,energy
0,0.0000000000e+00,0.0000000000e+00,0.0000000000e+00,0.0000000000e+00,0.0000000000e+00,1.5375000000e+03
1,4.9269375801e+00,1.4062500559e-03,6.1036050000e+05,1.5074009895e+01,-1.4999999257e-04,3.8569353125e+05
2,5.0399470329e+00,-8.0397585407e-04,1.4932342773e+04,1.5768042803e+00,-1.1224999093e-02,3.9856968750e+05
3,5.0318260193e+00,-8.3200092195e-04,-9.9717822266e+02,1.3232705593e+00,9.6406247467e-03,3.9777662500e+05
4,5.0234808922e+00,-5.7061237749e-04,-1.1085174561e+03,1.3006170988e+00,-9.9641922861e-03,3.9697821875e+05
5,5.0139584541e+00,-4.7362956684e-04,-1.1665131836e+03,1.2795820236e+00,-1.0368488729e-03,3.9616418750e+05
6,5.0065379143e+00,1.0976060003e-04,-1.1851616211e+03,1.2560538054e+00,1.1182030663e-02,3.9537828125e+05
7,4.9975061417e+00,-1.5089822700e-03,-1.1690852051e+03,1.2513844967e+00,2.6715232059e-02,3.9461643750e+05
8,4.9889445305e+00,3.0054565286e-04,-1.1069113770e+03,1.2292482853e+00,5.4957680404e-03,3.9388606250e+05
9,4.9818758965e+00,9.5357920509e-04,-1.0180506592e+03,1.2235488892e+00,1.8012564629e-02,3.9320587500e+05
10,4.9751849174e+00,6.9439155050e-04,-8.8337603760e+02,1.1960268021e+00,2.4298241362e-02,3.9262287500e+05
11,4.9713516235e+00,1.0018286994e-03,-4.2609378052e+02,1.1955890656e+00,1.7454035580e-02,3.9236346875e+05
12,4.9701504707e+00,3.4742942080e-04,-7.9403289795e+01,1.1646376848e+00,2.3050388321e-02,3.9242543750e+05
13,4.9681110382e+00,1.8092184328e-03,6.6598175049e+01,1.1540759802e+00,2.5035023689e-02,3.9264512500e+05
14,4.9724416733e+00,7.1213481715e-04,1.8049391174e+02,1.1486967802e+00,3.5361390561e-02,3.9297712500e+05
15,4.9739036560e+00,7.4154301547e-04,2.6993634033e+02,1.1337888241e+00,2.5219399482e-02,3.9340256250e+05
16,4.9773788452e+00,6.8167585414e-04,3.4673638916e+02,1.1246069670e+00,3.2073564827e-02,3.9390462500e+05
17,4.9797511101e+00,-2.2745327442e-04,4.0915960693e+02,1.1167085171e+00,2.9343422502e-02,3.9446243750e+05
18,4.9833006859e+00,7.9853081843e-04,4.6907815552e+02,1.1088272333e+00,1.5347264707e-02,3.9506559375e+05
19,4.9877319336e+00,6.3026491262e-05,5.1185116577e+02,1.0902525187e+00,1.0075259954e-02,3.9569371875e+05
20,4.9923028946e+00,1.0508419946e-03,5.4649114990e+02,1.0775933266e+00,6.1963535845e-03,3.9635737500e+05
21,4.9961400032e+00,9.4209710369e-05,5.6485113525e+02,1.0695974827e+00,4.4880206697e-03,3.9702100000e+05
22,5.0000386238e+00,9.1509963386e-04,5.7495446777e+02,1.0698305368e+00,9.3585280702e-03,3.9767803125e+05
23,5.0051722527e+00,2.6713454281e-04,5.6959570312e+02,1.0632365942e+00,-6.9240229204e-03,3.9831056250e+05
24,5.0086278915e+00,-1.3361856109e-03,5.5482958984e+02,1.0657223463e+00,-1.1171744205e-02,3.9893131250e+05
25,5.0114221573e+00,1.4598096022e-03,5.2072326660e+02,1.0615820885e+00,-1.6209242865e-02,3.9952962500e+05
26,5.0141639709e+00,-9.4955047825e-04,4.7721899414e+02,1.0576100349e+00,-1.4223631471e-02,4.0008296875e+05
27,5.0173029900e+00,5.4312037537e-04,4.0767666626e+02,1.0574077368e+00,-1.5534243546e-02,4.0059315625e+05
28,5.0204105377e+00,1.3185519492e-05,3.2691751099e+02,1.0496716499e+00,-2.7908917516e-02,4.0104512500e+05
29,5.0200309753e+00,-8.2451675553e-04,2.2758818054e+02,1.0449202061e+00,-2.7633657679e-02,4.0142562500e+05
30,5.0209646225e+00,9.2264288105e-04,1.3261495972e+02,1.0507225990e+00,-3.3997848630e-02,4.0172009375e+05
31,5.0230932236e+00,-1.0503852973e-03,3.4653972626e+01,1.0439248085e+00,-3.9608135819e-02,4.0193703125e+05
32,5.0210356712e+00,-8.9154258603e-05,-5.4403423309e+01,1.0466736555e+00,-4.5148108155e-02,4.0206712500e+05
33,5.0197505951e+00,-8.8162568863e-04,-1.3532072449e+02,1.0502655506e+00,-5.3810738027e-02,4.0211771875e+05
34,5.0176806450e+00,5.0282396842e-04,-2.0296115112e+02,1.0426402092e+00,-6.2289711088e-02,4.0210737500e+05
35,5.0162191391e+00,2.7635978768e-04,-2.5506954956e+02,1.0472818613e+00,-6.4305596054e-02,4.0205312500e+05
36,5.0118956566e+00,-3.8597267121e-05,-3.0823171997e+02,1.0420570374e+00,-7.9534307122e-02,4.0195321875e+05
37,5.0088353157e+00,7.2958786041e-04,-3.3718872070e+02,1.0431220531e+00,-7.6611451805e-02,4.0182553125e+05
38,5.0058350563e+00,-4.9102766206e-04,-3.6485745239e+02,1.0432814360e+00,-6.7721150815e-02,4.0167878125e+05
39,5.0013947487e+00,-6.8257225212e-04,-3.8348773193e+02,1.0414856672e+00,-7.3825322092e-02,4.0151990625e+05
40,4.9981079102e+00,3.3760466613e-03,-3.9488427734e+02,1.0425597429e+00,-6.0875777155e-02,4.0136403125e+05
41,4.9978747368e+00,2.7704692911e-04,-3.9750933838e+02,1.0327622890e+00,-5.8857027441e-02,4.0120375000e+05
42,4.9894070625e+00,-2.1344022825e-03,-3.8964083862e+02,1.0391100645e+00,-5.7111911476e-02,4.0104793750e+05
43,4.9839763641e+00,7.7968148980e-04,-3.7519018555e+02,1.0315530300e+00,-4.8838928342e-02,4.0089865625e+05
44,4.9826359749e+00,5.5436266121e-04,-3.4713876343e+02,1.0199953318e+00,-3.7310998887e-02,4.0077646875e+05
45,4.9766268730e+00,-9.8918750882e-04,-3.1507748413e+02,1.0198030472e+00,-2.6626495644e-02,4.0067946875e+05
46,4.9715332985e+00,1.4015968191e-04,-2.7448297119e+02,1.0121152401e+00,-1.5304165892e-02,4.0060953125e+05
47,4.9681072235e+00,3.0470648198e-04,-2.3036598206e+02,1.0114133358e+00,-3.6171873217e-04,4.0057065625e+05
48,4.9644517899e+00,4.9302866682e-04,-1.8335786438e+02,1.0040370226e+00,1.7296418548e-02,4.0057387500e+05
49,4.9595193863e+00,-4.2946613394e-04,-1.3059478760e+02,1.0017495155e+00,2.3092348129e-02,4.0061387500e+05
50,4.9529099464e+00,1.7792950384e-03,-7.6039512634e+01,9.9907511473e-01,4.4863898307e-02,4.0070031250e+05
51,4.9492568970e+00,-8.6960871704e-04,-2.1158002853e+01,9.9970233440e-01,5.3293615580e-02,4.0083006250e+05
52,4.9431881905e+00,-1.0072827572e-03,3.1325048447e+01,9.9067741632e-01,6.8256117404e-02,4.0099862500e+05
53,4.9362521172e+00,-5.6622462580e-04,8.3584800720e+01,9.9782872200e-01,7.8456602991e-02,4.0122278125e+05
54,4.9262752533e+00,-1.0347840143e-03,1.3316213989e+02,9.8662871122e-01,9.0822815895e-02,4.0148628125e+05
55,4.9136557579e+00,-1.0583957192e-03,1.7727305603e+02,9.9631154537e-01,1.0453645140e-01,4.0176937500e+05
56,4.8973660469e+00,-3.1034410931e-03,2.1967393494e+02,9.9640059471e-01,1.0556265712e-01,4.0210015625e+05
57,4.8733015060e+00,-5.8210222051e-03,2.5703369141e+02,9.9411940575e-01,1.2039465457e-01,4.0245762500e+05
58,4.8346395493e+00,-7.1106790565e-03,2.8718395996e+02,1.0054014921e+00,1.2716789544e-01,4.0283465625e+05
59,4.7853832245e+00,-9.6863321960e-03,3.1202572632e+02,1.0071872473e+00,1.2804277241e-01,4.0323671875e+05
60,4.7267236710e+00,-1.2410158291e-02,3.2334579468e+02,1.0067456961e+00,1.3327726722e-01,4.0366506250e+05
61,4.6627244949e+00,-1.2504943646e-02,3.2973950195e+02,1.0139546394e+00,1.2472772598e-01,4.0409237500e+05
62,4.5994167328e+00,-1.0196787305e-02,3.2776803589e+02,1.0114727020e+00,1.2545341253e-01,4.0451815625e+05
63,4.5307831764e+00,-5.8984863572e-03,3.2317645264e+02,1.0156788826e+00,1.0851988196e-01,4.0495584375e+05
64,4.4612488747e+00,2.5461297482e-03,3.0719973755e+02,1.0181989670e+00,1.1473609507e-01,4.0537178125e+05
65,4.3998055458e+00,1.0599249974e-02,2.8881042480e+02,1.0059409142e+00,9.7952045500e-02,4.0577359375e+05
66,4.3377723694e+00,1.8864132464e-02,2.5891400146e+02,1.0105148554e+00,8.2550421357e-02,4.0615793750e+05
67,4.2807860374e+00,1.6177913174e-02,2.2599147034e+02,1.0033581257e+00,7.2771869600e-02,4.0652225000e+05
68,4.2200922966e+00,1.7586138099e-02,1.8474241638e+02,1.0051771402e+00,6.1967637390e-02,4.0683943750e+05
69,4.1630907059e+00,1.3827970251e-02,1.3934590149e+02,1.0029810667e+00,4.3558884412e-02,4.0712546875e+05
70,4.1107621193e+00,1.3221799396e-02,9.3017311096e+01,9.9742192030e-01,4.5863572508e-02,4.0737112500e+05
71,4.0652356148e+00,2.0662636962e-03,4.1557441711e+01,1.0043840408e+00,2.4962043390e-02,4.0758259375e+05
72,4.0133414268e+00,-2.4363119155e-02,-1.2691396713e+01,9.9609893560e-01,1.7511652783e-02,4.0774968750e+05
73,3.9507892132e+00,-5.3932722658e-02,-6.6571273804e+01,9.9190032482e-01,-4.5621418394e-03,4.0786568750e+05
74,3.8863704205e+00,-8.7030686438e-02,-1.1750365448e+02,9.9160486460e-01,-7.7644200064e-03,4.0795453125e+05
75,3.8264200687e+00,-1.0685712099e-01,-1.6426397705e+02,9.9201840162e-01,-1.4853449538e-02,4.0800140625e+05
76,3.7868833542e+00,-1.0582212359e-01,-2.0451062012e+02,9.8174262047e-01,-1.5003807843e-02,4.0801562500e+05
77,3.7752420902e+00,-9.4601601362e-02,-2.4259373474e+02,9.7929114103e-01,-6.8559567444e-03,4.0800025000e+05
78,3.7733910084e+00,-6.9128029048e-02,-2.6922167969e+02,9.7894799709e-01,6.1196936294e-03,4.0795709375e+05
79,3.7732310295e+00,-4.8128344119e-02,-2.9186975098e+02,9.9154871702e-01,2.4550909176e-02,4.0788956250e+05
80,3.7553262711e+00,-3.2191235572e-02,-3.0119293213e+02,9.9276059866e-01,4.4687986374e-02,4.0781450000e+05
81,3.7189524174e+00,-2.3482730612e-02,-3.0566409302e+02,1.0070128441e+00,6.7175842822e-02,4.0773631250e+05
82,3.6822564602e+00,-2.8486950323e-02,-3.0306176758e+02,1.0161067247e+00,9.8021805286e-02,4.0766396875e+05
83,3.6624703407e+00,-5.4917715490e-02,-2.9273214722e+02,1.0215883255e+00,1.2507505715e-01,4.0759734375e+05
84,3.6741621494e+00,-8.9592710137e-02,-2.7405505371e+02,1.0346875191e+00,1.6562128067e-01,4.0753771875e+05
85,3.7258684635e+00,-1.1408253759e-01,-2.4677796936e+02,1.0337837934e+00,1.9857840240e-01,4.0750921875e+05
86,3.8434762955e+00,-1.2842030823e-01,-2.2060873413e+02,1.0434597731e+00,2.2983576357e-01,4.0749962500e+05
87,4.0595431328e+00,-1.1988874525e-01,-1.7748637390e+02,1.0540410280e+00,2.6732480526e-01,4.0752428125e+05
88,4.3508152962e+00,-8.8706791401e-02,-1.4363931274e+02,1.0586297512e+00,2.8902497888e-01,4.0757284375e+05
89,4.6005797386e+00,-1.0196199268e-01,-1.1665833282e+02,1.0611131191e+00,3.0674633384e-01,4.0765925000e+05
90,4.7074766159e+00,-1.2138941884e-01,-9.2446502686e+01,1.0700807571e+00,3.1993165612e-01,4.0778003125e+05
91,4.7493934631e+00,-1.1999458075e-01,-6.3880889893e+01,1.0666750669e+00,3.1897956133e-01,4.0794234375e+05
92,4.7903690338e+00,-1.1425520480e-01,-3.7406883240e+01,1.0732369423e+00,3.0247882009e-01,4.0812625000e+05
93,4.8168773651e+00,-9.7937367857e-02,-1.3925590515e+01,1.0734441280e+00,2.8662461042e-01,4.0833778125e+05
94,4.8111925125e+00,-9.8802775145e-02,2.5138370514e+01,1.0780462027e+00,2.5308570266e-01,4.0857371875e+05
95,4.7462048531e+00,-8.8850602508e-02,4.8037300110e+01,1.0788174868e+00,2.1992029250e-01,4.0883665625e+05
96,4.5930590630e+00,-4.8831455410e-02,4.8192058563e+01,1.0843240023e+00,1.5780790150e-01,4.0911378125e+05
97,4.3104863167e+00,1.0871618986e-01,7.3904357910e+01,1.0851900578e+00,1.1050132662e-01,4.0940240625e+05
98,3.9770574570e+00,3.5158723593e-01,8.8980010986e+01,1.0893027782e+00,3.3355012536e-02,4.0970353125e+05
99,3.8733716011e+00,5.2292793989e-01,1.1593647766e+02,1.1006349325e+00,-3.2941631973e-02,4.0999712500e+05
100,4.1458058357e+00,4.9872782826e-01,1.3062619019e+02,1.1039770842e+00,-1.0846262425e-01,4.1028553125e+05
101,4.4082694054e+00,4.5699453354e-01,1.2087104797e+02,1.1053295135e+00,-1.8097823858e-01,4.1056403125e+05
102,4.4605169296e+00,5.1071423292e-01,7.9583267212e+01,1.1130946875e+00,-2.5884187222e-01,4.1084206250e+05
103,4.5379920006e+00,5.0726395845e-01,3.0417774200e+01,1.1200480461e+00,-3.2759463787e-01,4.1111062500e+05
104,4.6026659012e+00,4.9414181709e-01,-1.9627799988e+01,1.1330132484e+00,-3.9133569598e-01,4.1135962500e+05
105,4.6312975883e+00,4.8181232810e-01,-6.5804039001e+01,1.1294111013e+00,-4.2669138312e-01,4.1159378125e+05
106,4.6378226280e+00,4.7049790621e-01,-1.1209333038e+02,1.1445071697e+00,-4.6788483858e-01,4.1179781250e+05
107,4.6158952713e+00,4.7825977206e-01,-1.6120109558e+02,1.1576654911e+00,-4.8456794024e-01,4.1197562500e+05
108,4.5842084885e+00,4.6981281042e-01,-2.1890260315e+02,1.1594746113e+00,-5.0204318762e-01,4.1212993750e+05
109,4.5278496742e+00,4.4783061743e-01,-2.8119610596e+02,1.1633056402e+00,-4.8437574506e-01,4.1225481250e+05
110,4.4299421310e+00,4.1829353571e-01,-3.5147360229e+02,1.1609077454e+00,-4.7611618042e-01,4.1236065625e+05
111,4.2895274162e+00,3.6774066091e-01,-4.3710229492e+02,1.1668729782e+00,-4.3470072746e-01,4.1243175000e+05
112,4.1055397987e+00,2.7481639385e-01,-5.5010089111e+02,1.1563569307e+00,-3.6706474423e-01,4.1248356250e+05
113,3.9029338360e+00,1.2582921982e-01,-6.6108081055e+02,1.1520681381e+00,-2.9859638214e-01,4.1251906250e+05
114,3.7020471096e+00,-1.0500750691e-01,-7.8320996094e+02,1.1399244070e+00,-2.0898067951e-01,4.1253153125e+05
115,3.5711932182e+00,-4.0145874023e-01,-8.7235766602e+02,1.1356794834e+00,-1.1182153970e-01,4.1253918750e+05
116,3.5504536629e+00,-7.0881253481e-01,-9.2129785156e+02,1.1272033453e+00,-1.3357030228e-02,4.1253909375e+05
117,3.6509666443e+00,-9.6885788441e-01,-9.2298522949e+02,1.1370623112e+00,9.9571675062e-02,4.1253065625e+05
118,3.7190973759e+00,-1.2312853336e+00,-9.1245544434e+02,1.1533952951e+00,2.0800887048e-01,4.1253812500e+05
119,3.9006247520e+00,-1.2190573215e+00,-8.9634252930e+02,1.1605689526e+00,2.9630222917e-01,4.1255062500e+05
120,4.0499911308e+00,-1.2844699621e+00,-9.3517712402e+02,1.1693550348e+00,3.9336800575e-01,4.1258565625e+05
121,4.1153764725e+00,-1.3403935432e+00,-1.0172128296e+03,1.1879463196e+00,4.4956114888e-01,4.1262496875e+05
122,4.1152997017e+00,-1.4126057625e+00,-1.1263021240e+03,1.1991196871e+00,4.9195310473e-01,4.1269993750e+05
123,4.0645251274e+00,-1.4836746454e+00,-1.3058334961e+03,1.2182967663e+00,5.1823800802e-01,4.1278693750e+05
124,3.9489037991e+00,-1.6018968821e+00,-1.5593494873e+03,1.2257150412e+00,5.0647485256e-01,4.1289978125e+05
125,3.7440295219e+00,-1.7080217600e+00,-1.9432917480e+03,1.2270922661e+00,4.8269748688e-01,4.1302371875e+05
126,3.4186351299e+00,-1.7264715433e+00,-2.5345307617e+03,1.2207434177e+00,4.4690963626e-01,4.1316065625e+05
127,3.3890399933e+00,-1.1208442450e+00,-3.2693710938e+03,1.2158678770e+00,3.8214105368e-01,4.1330140625e+05
128,3.3589262962e+00,-6.3317334652e-01,-3.8068903809e+03,1.1984115839e+00,3.0448886752e-01,4.1345437500e+05
129,3.2425901890e+00,7.6939046383e-02,-4.1062661133e+03,1.1803261042e+00,2.2891040146e-01,4.1360018750e+05
130,3.2402944565e+00,7.8534215689e-01,-4.0756113281e+03,1.1619453430e+00,1.1355432123e-01,4.1375212500e+05
131,3.2530660629e+00,1.4312223196e+00,-3.7203562012e+03,1.1424121857e+00,8.0921873450e-03,4.1391950000e+05
132,3.1521613598e+00,2.2182621956e+00,-3.0285749512e+03,1.1420427561e+00,-1.0325279087e-01,4.1409012500e+05
133,3.4860730171e+00,2.2534439564e+00,-2.2311938477e+03,1.1529142857e+00,-2.1175031364e-01,4.1426190625e+05
134,3.7854311466e+00,2.1581475735e+00,-1.7571334229e+03,1.1611090899e+00,-2.8649362922e-01,4.1443650000e+05
135,3.9720573425e+00,1.9270073175e+00,-1.4998012695e+03,1.1849124432e+00,-3.8330027461e-01,4.1459878125e+05
136,4.0626101494e+00,1.8206772804e+00,-1.3972879639e+03,1.2085790634e+00,-4.4371771812e-01,4.1474900000e+05
137,4.0689835548e+00,1.7968339920e+00,-1.3901522217e+03,1.2206376791e+00,-4.7859576344e-01,4.1489087500e+05
138,4.0059804916e+00,1.8017716408e+00,-1.4624664307e+03,1.2293410301e+00,-4.9598485231e-01,4.1500387500e+05
139,3.9246497154e+00,1.7775700092e+00,-1.6056901855e+03,1.2343268394e+00,-4.7949638963e-01,4.1510775000e+05
140,3.7430825233e+00,1.7569440603e+00,-1.8397131348e+03,1.2290314436e+00,-4.4947323203e-01,4.1517359375e+05
141,3.4683659077e+00,1.6717890501e+00,-2.1627368164e+03,1.2068656683e+00,-3.8726222515e-01,4.1520365625e+05
142,3.1389513016e+00,1.5165822506e+00,-2.6307270508e+03,1.2060945034e+00,-3.1661358476e-01,4.1519875000e+05
143,2.6405620575e+00,1.2828884125e+00,-3.2623457031e+03,1.1871207952e+00,-2.1668927372e-01,4.1518700000e+05
144,2.4558532238e+00,7.2214001417e-01,-3.9656328125e+03,1.1725949049e+00,-1.2590421736e-01,4.1515337500e+05
145,2.5603594780e+00,-4.1446566582e-02,-4.3934965820e+03,1.1720460653e+00,-1.8193097785e-02,4.1510865625e+05
146,2.5104255676e+00,-8.0358546972e-01,-4.4220512695e+03,1.1652597189e+00,8.2453899086e-02,4.1507246875e+05
147,2.3856990337e+00,-1.5459146500e+00,-4.0614848633e+03,1.1705303192e+00,1.7481783032e-01,4.1505484375e+05
148,2.5069646835e+00,-2.0310094357e+00,-3.3703081055e+03,1.1852095127e+00,2.6422607899e-01,4.1506800000e+05
149,2.9843838215e+00,-2.2003438473e+00,-2.7376369629e+03,1.1921297312e+00,3.4111386538e-01,4.1508018750e+05
150,3.3495502472e+00,-2.3110980988e+00,-2.3433115234e+03,1.2161051035e+00,4.0359020233e-01,4.1510084375e+05
151,3.5520799160e+00,-2.3168396950e+00,-2.1163234863e+03,1.2303558588e+00,4.3868798018e-01,4.1511378125e+05
152,3.7171885967e+00,-2.3151271343e+00,-2.0551718750e+03,1.2383415699e+00,4.5166957378e-01,4.1511706250e+05
153,3.7801561356e+00,-2.3450360298e+00,-2.1045046387e+03,1.2376744747e+00,4.5867973566e-01,4.1509468750e+05
154,3.7452859879e+00,-2.4251039028e+00,-2.2799416504e+03,1.2373223305e+00,4.2074739933e-01,4.1503890625e+05
155,3.6555190086e+00,-2.5139608383e+00,-2.6126806641e+03,1.2280830145e+00,3.8585004210e-01,4.1496565625e+05
156,3.4786550999e+00,-2.6254973412e+00,-3.1721137695e+03,1.2123063803e+00,3.1611090899e-01,4.1488275000e+05
157,3.1302208900e+00,-2.6668624878e+00,-4.0665710449e+03,1.1993254423e+00,2.4760200083e-01,4.1480675000e+05
158,3.4557266235e+00,-1.6588284969e+00,-5.1479614258e+03,1.1822191477e+00,1.5812258422e-01,4.1473565625e+05
159,3.5652818680e+00,-1.0818258524e+00,-5.8887504883e+03,1.1681154966e+00,6.5329164267e-02,4.1468062500e+05
160,3.6617641449e+00,-3.3043238521e-01,-6.3988564453e+03,1.1584537029e+00,-4.8731703311e-02,4.1464365625e+05
161,3.8162472248e+00,3.1844282150e-01,-6.6385683594e+03,1.1550952196e+00,-1.3673742115e-01,4.1464518750e+05
162,3.9218504429e+00,8.9136797190e-01,-6.6066660156e+03,1.1639025211e+00,-2.3286628723e-01,4.1470034375e+05
163,3.9155995846e+00,1.5131623745e+00,-6.3376840820e+03,1.1646941900e+00,-3.0881157517e-01,4.1479540625e+05
164,3.7430937290e+00,2.3783631325e+00,-5.6887905273e+03,1.1760729551e+00,-3.7885290384e-01,4.1490778125e+05
165,3.5603659153e+00,3.1625392437e+00,-4.4899975586e+03,1.1917744875e+00,-4.2684075236e-01,4.1501200000e+05
166,3.7079887390e+00,3.1972849369e+00,-3.2233347168e+03,1.1981362104e+00,-4.4988834858e-01,4.1510521875e+05
167,3.9739496708e+00,2.9757010937e+00,-2.4810205078e+03,1.2011114359e+00,-4.5935681462e-01,4.1516609375e+05
168,4.1315793991e+00,2.7348682880e+00,-2.1709951172e+03,1.1955014467e+00,-4.3846660852e-01,4.1518503125e+05
169,4.1806449890e+00,2.7679133415e+00,-2.1314870605e+03,1.1911529303e+00,-3.9117032290e-01,4.1515293750e+05
170,4.1626167297e+00,2.7932946682e+00,-2.3022622070e+03,1.1948825121e+00,-3.3288821578e-01,4.1505553125e+05
171,4.0921859741e+00,2.9770045280e+00,-2.7528176270e+03,1.1809149981e+00,-2.4893337488e-01,4.1490671875e+05
172,3.9922399521e+00,3.0576362610e+00,-3.6005913086e+03,1.1780456305e+00,-1.6091971099e-01,4.1472550000e+05
173,4.3312816620e+00,2.0870680809e+00,-4.5964863281e+03,1.1674649715e+00,-6.6390424967e-02,4.1452609375e+05
174,4.4229273796e+00,1.4176436663e+00,-5.4422143555e+03,1.1561249495e+00,2.8774673119e-02,4.1431271875e+05
175,4.5578584671e+00,5.2418726683e-01,-5.9661923828e+03,1.1560600996e+00,1.2183505297e-01,4.1409434375e+05
176,4.6890077591e+00,-2.1133171022e-01,-6.0957524414e+03,1.1603312492e+00,1.9752609730e-01,4.1387603125e+05
177,4.7203526497e+00,-8.0011612177e-01,-5.9786352539e+03,1.1730495691e+00,3.0057078600e-01,4.1367681250e+05
178,4.6743412018e+00,-1.4853578806e+00,-5.7094931641e+03,1.1870087385e+00,3.5878163576e-01,4.1351134375e+05
179,4.6208696365e+00,-2.5093791485e+00,-5.0694755859e+03,1.1971802711e+00,4.1335952282e-01,4.1339421875e+05
180,4.5304288864e+00,-3.3180494308e+00,-3.8706699219e+03,1.2129964828e+00,4.5053929090e-01,4.1332340625e+05
181,4.5850768089e+00,-3.0188696384e+00,-2.7180544434e+03,1.2179600000e+00,4.7876787186e-01,4.1329859375e+05
182,4.6554045677e+00,-2.8030183315e+00,-2.1037031250e+03,1.2302111387e+00,4.5960491896e-01,4.1330015625e+05
183,4.7163472176e+00,-2.7256624699e+00,-1.8508176270e+03,1.2235381603e+00,4.4362238050e-01,4.1330643750e+05
184,4.7782397270e+00,-2.7978355885e+00,-1.8520482178e+03,1.2173589468e+00,3.9711448550e-01,4.1328181250e+05
185,4.8423156738e+00,-3.0165183544e+00,-2.1403041992e+03,1.1984924078e+00,3.2941961288e-01,4.1320781250e+05
186,5.0601639748e+00,-2.3438420296e+00,-2.7255178223e+03,1.1877009869e+00,2.4819190800e-01,4.1310753125e+05
187,5.2475252151e+00,-2.1178917885e+00,-3.4447346191e+03,1.1690557003e+00,1.6082684696e-01,4.1299606250e+05
188,5.3822755814e+00,-1.3631974459e+00,-4.2255395508e+03,1.1613730192e+00,5.8173142374e-02,4.1289143750e+05
189,5.3677382469e+00,-5.4227650166e-01,-4.6483657227e+03,1.1480319500e+00,-3.7092573941e-02,4.1278278125e+05
190,5.3534364700e+00,4.9212917686e-02,-4.7782138672e+03,1.1437454224e+00,-1.4048260450e-01,4.1268515625e+05
191,5.3574218750e+00,6.7553168535e-01,-4.7425820312e+03,1.1490597725e+00,-2.2573195398e-01,4.1259550000e+05
192,5.3522534370e+00,1.4994693995e+00,-4.4745810547e+03,1.1584103107e+00,-3.1601017714e-01,4.1251728125e+05
193,5.3561725616e+00,2.4386775494e+00,-3.7649829102e+03,1.1729327440e+00,-3.8744604588e-01,4.1244818750e+05
194,5.2114028931e+00,2.6970191002e+00,-2.6502309570e+03,1.1901564598e+00,-4.4583109021e-01,4.1245990625e+05
195,5.0756583214e+00,2.4128110409e+00,-1.8943914795e+03,1.1995006800e+00,-4.8274761438e-01,4.1250965625e+05
196,4.9716959000e+00,2.1525838375e+00,-1.5164875488e+03,1.2121053934e+00,-4.9669495225e-01,4.1257343750e+05
197,4.8952426910e+00,2.1288166046e+00,-1.3639503174e+03,1.2174907923e+00,-4.9033251405e-01,4.1262050000e+05
198,4.8288497925e+00,2.1429517269e+00,-1.3554320068e+03,1.2101011276e+00,-4.6210733056e-01,4.1264196875e+05
199,4.7670283318e+00,2.2264440060e+00,-1.5010325928e+03,1.2039144039e+00,-4.0371477604e-01,4.1260765625e+05
200,4.7000946999e+00,2.4171721935e+00,-1.8684954834e+03,1.1911680698e+00,-3.3018094301e-01,4.1251162500e+05
201,4.7517123222e+00,2.0500364304e+00,-2.5035139160e+03,1.1712313890e+00,-2.5558006763e-01,4.1237793750e+05
202,4.7264647484e+00,1.9297142029e+00,-3.2259511719e+03,1.1583766937e+00,-1.6991443932e-01,4.1221678125e+05
203,4.7023415565e+00,1.3063734770e+00,-4.1063398438e+03,1.1460200548e+00,-6.0749996454e-02,4.1204225000e+05
204,4.6843819618e+00,4.4280615449e-01,-4.7338549805e+03,1.1284564734e+00,3.2833658159e-02,4.1186931250e+05
205,4.6633877754e+00,-3.4275376797e-01,-4.9577680664e+03,1.1302857399e+00,1.4345617592e-01,4.1165656250e+05
206,4.5997114182e+00,-1.1599264145e+00,-4.8041616211e+03,1.1434184313e+00,2.4605047703e-01,4.1142181250e+05
207,4.5117888451e+00,-1.8670853376e+00,-4.3429238281e+03,1.1582641602e+00,3.2388243079e-01,4.1120800000e+05
208,4.4432835579e+00,-2.7113101482e+00,-3.5105537109e+03,1.1733742952e+00,4.0276104212e-01,4.1106915625e+05
209,4.5614590645e+00,-2.4121394157e+00,-2.6305808105e+03,1.1873157024e+00,4.5290449262e-01,4.1096884375e+05
210,4.6244883537e+00,-2.3730120659e+00,-2.1032033691e+03,1.1970093250e+00,4.7947818041e-01,4.1089137500e+05
211,4.6813817024e+00,-2.1515552998e+00,-1.8265202637e+03,1.2180852890e+00,5.1342469454e-01,4.1082662500e+05
212,4.6890263557e+00,-2.1266918182e+00,-1.7046081543e+03,1.2125321627e+00,5.0522482395e-01,4.1074725000e+05
213,4.6734232903e+00,-2.1412646770e+00,-1.6987834473e+03,1.2152975798e+00,4.7136145830e-01,4.1062465625e+05
214,4.6463084221e+00,-2.2596938610e+00,-1.8673604736e+03,1.2086579800e+00,4.2592749000e-01,4.1048106250e+05
215,4.6372594833e+00,-2.2637884617e+00,-2.2626418457e+03,1.1927772760e+00,3.6493009329e-01,4.1036128125e+05
216,4.7829222679e+00,-1.9566251040e+00,-2.8237985840e+03,1.1778324842e+00,2.6581379771e-01,4.1026150000e+05
217,4.7518005371e+00,-1.7491970062e+00,-3.5719458008e+03,1.1614918709e+00,1.8535578251e-01,4.1016062500e+05
218,4.7253003120e+00,-9.6710854769e-01,-4.4364545898e+03,1.1528493166e+00,7.5634047389e-02,4.1004975000e+05
219,4.7372097969e+00,-1.4356127381e-01,-4.8527094727e+03,1.1379265785e+00,-1.8910676241e-02,4.0995140625e+05
220,4.7064161301e+00,5.8451968431e-01,-4.9244423828e+03,1.1471103430e+00,-1.2479914725e-01,4.0989384375e+05
221,4.6261253357e+00,1.3620740175e+00,-4.6298339844e+03,1.1468839645e+00,-2.1270819008e-01,4.0992868750e+05
222,4.5513734818e+00,2.1000626087e+00,-3.9940639648e+03,1.1636947393e+00,-2.9827499390e-01,4.1002353125e+05
223,4.5136890411e+00,2.6685485840e+00,-2.9965705566e+03,1.1769845486e+00,-3.6996543407e-01,4.1014534375e+05
224,4.5899972916e+00,2.3137571812e+00,-2.1895495605e+03,1.1896666288e+00,-4.2706871033e-01,4.1027775000e+05
225,4.5933914185e+00,2.1496095657e+00,-1.6936662598e+03,1.2021337748e+00,-4.5303153992e-01,4.1038668750e+05
226,4.5865077972e+00,2.0189263821e+00,-1.4367985840e+03,1.2043155432e+00,-4.7358524799e-01,4.1048981250e+05
227,4.5568451881e+00,1.9339667559e+00,-1.3275311279e+03,1.2048295736e+00,-4.6802532673e-01,4.1057368750e+05
228,4.5025033951e+00,1.9890302420e+00,-1.3614254150e+03,1.1969885826e+00,-4.5707863569e-01,4.1060878125e+05
229,4.4401555061e+00,2.0787382126e+00,-1.5406182861e+03,1.1901744604e+00,-4.1082900763e-01,4.1061831250e+05
230,4.3601660728e+00,2.1818354130e+00,-1.9477327881e+03,1.1841489077e+00,-3.5533913970e-01,4.1061862500e+05
231,4.4519362450e+00,1.7441638708e+00,-2.5456706543e+03,1.1671837568e+00,-2.7129927278e-01,4.1061943750e+05
232,4.2964558601e+00,1.6288522482e+00,-3.2595314941e+03,1.1557564735e+00,-1.7732211947e-01,4.1060987500e+05
233,4.2553739548e+00,9.1334569454e-01,-4.0769138184e+03,1.1435897350e+00,-8.0564707518e-02,4.1058325000e+05
234,4.2780179977e+00,7.0433422923e-02,-4.5358955078e+03,1.1375226974e+00,1.7516925931e-02,4.1055328125e+05
235,4.2499361038e+00,-7.3865926266e-01,-4.6314169922e+03,1.1328411102e+00,1.1969888210e-01,4.1055359375e+05
236,4.2152938843e+00,-1.5559401512e+00,-4.2946245117e+03,1.1464239359e+00,2.0850607753e-01,4.1060721875e+05
237,4.2249732018e+00,-2.2493000031e+00,-3.6307304688e+03,1.1443970203e+00,2.9209673405e-01,4.1069515625e+05
238,4.2596387863e+00,-2.5190138817e+00,-2.7322753906e+03,1.1678752899e+00,3.6762776971e-01,4.1079034375e+05
239,4.4149565697e+00,-2.3602964878e+00,-2.0625285645e+03,1.1762642860e+00,4.2725086212e-01,4.1088184375e+05
240,4.5066809654e+00,-2.0808496475e+00,-1.6786489258e+03,1.1859309673e+00,4.6359723806e-01,4.1093853125e+05
241,4.5407991409e+00,-2.0607612133e+00,-1.4932185059e+03,1.1929485798e+00,4.7816431522e-01,4.1097634375e+05
242,4.5617604256e+00,-2.0647680759e+00,-1.4548334961e+03,1.1934348345e+00,4.8338845372e-01,4.1099031250e+05
243,4.5422496796e+00,-2.1350309849e+00,-1.5493952637e+03,1.1965498924e+00,4.5538648963e-01,4.1095531250e+05
244,4.4880900383e+00,-2.2965185642e+00,-1.8229013672e+03,1.1825525761e+00,4.1858884692e-01,4.1088306250e+05
245,4.4566469193e+00,-2.0810391903e+00,-2.3413203125e+03,1.1723289490e+00,3.5847994685e-01,4.1080912500e+05
246,4.5401382446e+00,-1.9560856819e+00,-2.9779758301e+03,1.1652551889e+00,2.7978339791e-01,4.1072493750e+05
247,4.4500589371e+00,-1.5056992769e+00,-3.7964880371e+03,1.1492285728e+00,2.0363371074e-01,4.1063940625e+05
248,4.4188880920e+00,-6.5428751707e-01,-4.5148334961e+03,1.1379427910e+00,1.0719589144e-01,4.1055075000e+05
249,4.4394779205e+00,1.4290942252e-01,-4.8299013672e+03,1.1346746683e+00,7.4370438233e-03,4.1046915625e+05
250,4.4013943672e+00,9.4293123484e-01,-4.7665512695e+03,1.1339093447e+00,-8.9928247035e-02,4.1042778125e+05
251,4.3511972427e+00,1.7023608685e+00,-4.2877656250e+03,1.1450037956e+00,-1.7969721556e-01,4.1044743750e+05
252,4.3164005280e+00,2.4859588146e+00,-3.5341181641e+03,1.1577907801e+00,-2.6472124457e-01,4.1051106250e+05
253,4.3772358894e+00,2.5370247364e+00,-2.6073623047e+03,1.1598862410e+00,-3.3825191855e-01,4.1060087500e+05
254,4.4803476334e+00,2.4123697281e+00,-1.9804940186e+03,1.1805970669e+00,-4.0305715799e-01,4.1069165625e+05
255,4.5488328934e+00,2.1332178116e+00,-1.6223265381e+03,1.1956621408e+00,-4.4116488099e-01,4.1075990625e+05
256,4.5595808029e+00,2.1121203899e+00,-1.4623311768e+03,1.2028785944e+00,-4.6215882897e-01,4.1080803125e+05
257,4.5570235252e+00,2.1151845455e+00,-1.4484263916e+03,1.2073091269e+00,-4.5262271166e-01,4.1083668750e+05
258,4.5278472900e+00,2.1699757576e+00,-1.5836169434e+03,1.2043526173e+00,-4.5207792521e-01,4.1083543750e+05
259,4.4813113213e+00,2.3270428181e+00,-1.9290194092e+03,1.1875966787e+00,-4.1300636530e-01,4.1080909375e+05
260,4.5793900490e+00,1.9667201042e+00,-2.5114648438e+03,1.1803719997e+00,-3.5615947843e-01,4.1077928125e+05
261,4.5432395935e+00,1.8778177500e+00,-3.2302976074e+03,1.1615176201e+00,-2.9460588098e-01,4.1074500000e+05
262,4.5086517334e+00,1.2796169519e+00,-4.0849685059e+03,1.1424013376e+00,-2.2732996941e-01,4.1071803125e+05
263,4.5017929077e+00,4.3979734182e-01,-4.6732929688e+03,1.1421141624e+00,-1.2417795509e-01,4.1068259375e+05
264,4.4985346794e+00,-2.9654994607e-01,-4.8605878906e+03,1.1308789253e+00,-3.5911194980e-02,4.1066209375e+05
265,4.4447436333e+00,-1.1106348038e+00,-4.6925952148e+03,1.1289602518e+00,6.5612494946e-02,4.1065381250e+05
266,4.3856573105e+00,-1.8153115511e+00,-4.1451723633e+03,1.1350643635e+00,1.5606167912e-01,4.1070231250e+05
267,4.3385553360e+00,-2.5882699490e+00,-3.2907124023e+03,1.1365580559e+00,2.5344562531e-01,4.1079096875e+05
268,4.4341311455e+00,-2.3628249168e+00,-2.3750986328e+03,1.1630707979e+00,3.2515746355e-01,4.1090696875e+05
269,4.5165305138e+00,-2.3087530136e+00,-1.8132679443e+03,1.1718345881e+00,3.9208540320e-01,4.1101425000e+05
270,4.5721302032e+00,-2.0685310364e+00,-1.5016258545e+03,1.1974340677e+00,4.4716161489e-01,4.1109906250e+05
271,4.5845875740e+00,-2.0258932114e+00,-1.3627653809e+03,1.2100700140e+00,4.8121884465e-01,4.1115890625e+05
272,4.5790371895e+00,-2.0618836880e+00,-1.3525583496e+03,1.2118085623e+00,4.9235945940e-01,4.1119190625e+05
273,4.5548467636e+00,-2.1722126007e+00,-1.4973248291e+03,1.2042064667e+00,4.8925885558e-01,4.1118462500e+05
274,4.4942827225e+00,-2.3689963818e+00,-1.8529014893e+03,1.1993494034e+00,4.5523902774e-01,4.1116487500e+05
275,4.6105966568e+00,-1.8984105587e+00,-2.4281420898e+03,1.1888259649e+00,4.0200537443e-01,4.1112721875e+05
276,4.5356841087e+00,-1.9239600897e+00,-3.1255092773e+03,1.1743866205e+00,3.3040633798e-01,4.1108165625e+05
277,4.4860587120e+00,-1.3110736609e+00,-4.0045227051e+03,1.1576052904e+00,2.5040772557e-01,4.1103359375e+05
278,4.4773602486e+00,-4.4485104084e-01,-4.6088374023e+03,1.1432285309e+00,1.5553162992e-01,4.1098090625e+05
279,4.4742078781e+00,3.0823311210e-01,-4.8262939453e+03,1.1291887760e+00,6.7604877055e-02,4.1092125000e+05
280,4.4108467102e+00,1.1426203251e+00,-4.6467153320e+03,1.1241912842e+00,-3.4636780620e-02,4.1089925000e+05
281,4.3550729752e+00,1.8390485048e+00,-4.1000419922e+03,1.1377069950e+00,-1.2413000315e-01,4.1092056250e+05
282,4.3176016808e+00,2.6482577324e+00,-3.2185581055e+03,1.1400468349e+00,-2.0999790728e-01,4.1098156250e+05
283,4.4383049011e+00,2.3811950684e+00,-2.3303417969e+03,1.1591156721e+00,-2.9968392849e-01,4.1104703125e+05
284,4.5201430321e+00,2.2809510231e+00,-1.7913989258e+03,1.1659007072e+00,-3.6236974597e-01,4.1111553125e+05
285,4.5894169807e+00,2.0256140232e+00,-1.5024312744e+03,1.1812829971e+00,-4.0703204274e-01,4.1115718750e+05
286,4.6019959450e+00,1.9963603020e+00,-1.3737772217e+03,1.1961647272e+00,-4.5011210442e-01,4.1117781250e+05
287,4.6023507118e+00,1.9968323708e+00,-1.3632637939e+03,1.2045648098e+00,-4.6610051394e-01,4.1117118750e+05
288,4.5489730835e+00,2.1288890839e+00,-1.4952512207e+03,1.1998944283e+00,-4.6409717202e-01,4.1112984375e+05
289,4.4963908195e+00,2.3320150375e+00,-1.8280858154e+03,1.1936858892e+00,-4.3614801764e-01,4.1108406250e+05
290,4.5578656197e+00,2.0013818741e+00,-2.4188940430e+03,1.1826881170e+00,-4.0270185471e-01,4.1102809375e+05
291,4.5561890602e+00,1.8898812532e+00,-3.1123198242e+03,1.1722890139e+00,-3.3538210392e-01,4.1097178125e+05
292,4.5175437927e+00,1.3364504576e+00,-3.9774367676e+03,1.1554170847e+00,-2.6757022738e-01,4.1091484375e+05
293,4.4821057320e+00,5.1290607452e-01,-4.6388852539e+03,1.1448949575e+00,-1.7225790024e-01,4.1084675000e+05
294,4.4759654999e+00,-2.7505019307e-01,-4.8927788086e+03,1.1386289597e+00,-8.5847258568e-02,4.1078743750e+05
295,4.4254693985e+00,-1.1054196358e+00,-4.7327597656e+03,1.1195528507e+00,2.3503188044e-02,4.1078781250e+05
296,4.3562455177e+00,-1.7817116976e+00,-4.1966987305e+03,1.1288284063e+00,1.1358277500e-01,4.1082437500e+05
297,4.3037662506e+00,-2.5636007786e+00,-3.3296120605e+03,1.1256340742e+00,2.0799884200e-01,4.1090478125e+05
298,4.4260649681e+00,-2.3147253990e+00,-2.3983293457e+03,1.1453490257e+00,2.8755044937e-01,4.1098609375e+05
299,4.4977841377e+00,-2.2678029537e+00,-1.8199967041e+03,1.1551632881e+00,3.6473092437e-01,4.1106275000e+05
300,4.5459947586e+00,-1.9768676758e+00,-1.4835042725e+03,1.1731384993e+00,4.1707947850e-01,4.1112046875e+05
301,4.5199871063e+00,-1.9466476440e+00,-1.3231052246e+03,1.1841220856e+00,4.5712015033e-01,4.1116809375e+05
302,4.4699625969e+00,-1.9955356121e+00,-1.2962897949e+03,1.2017371655e+00,4.7220405936e-01,4.1117034375e+05
303,4.4176931381e+00,-2.1076335907e+00,-1.3817471924e+03,1.2041827440e+00,4.7973850369e-01,4.1114325000e+05
304,4.3709459305e+00,-2.2410976887e+00,-1.6592587891e+03,1.1998946667e+00,4.3857979774e-01,4.1111050000e+05
305,4.2667903900e+00,-2.2489602566e+00,-2.2288452148e+03,1.1866922379e+00,4.0388625860e-01,4.1107737500e+05
306,4.4695596695e+00,-1.8971998692e+00,-2.9708090820e+03,1.1771119833e+00,3.5343211889e-01,4.1103237500e+05
307,4.3405475616e+00,-1.5085935593e+00,-3.8241650391e+03,1.1573336124e+00,2.8880509734e-01,4.1098906250e+05
308,4.3186016083e+00,-6.9887232780e-01,-4.5912407227e+03,1.1507067680e+00,2.0393748581e-01,4.1094462500e+05
309,4.3392438889e+00,8.3455547690e-02,-4.9399448242e+03,1.1313413382e+00,1.1726851761e-01,4.1092737500e+05
310,4.3010492325e+00,8.6517673731e-01,-4.8846499023e+03,1.1297723055e+00,2.1501366049e-02,4.1094675000e+05
311,4.2182440758e+00,1.5859081745e+00,-4.4314448242e+03,1.1266686916e+00,-6.5936520696e-02,4.1101984375e+05
312,4.1602129936e+00,2.4829549789e+00,-3.6294323730e+03,1.1347453594e+00,-1.6211496294e-01,4.1111793750e+05
313,4.2806186676e+00,2.4863288403e+00,-2.6462663574e+03,1.1420118809e+00,-2.3639239371e-01,4.1122196875e+05
314,4.4209098816e+00,2.3550374508e+00,-1.9819809570e+03,1.1566200256e+00,-3.0706128478e-01,4.1130234375e+05
315,4.5009913445e+00,2.0723407269e+00,-1.5685114746e+03,1.1654006243e+00,-3.6312565207e-01,4.1135443750e+05
316,4.5288095474e+00,2.0076098442e+00,-1.3724089355e+03,1.1747906208e+00,-4.0570908785e-01,4.1138390625e+05
317,4.5100932121e+00,2.0232782364e+00,-1.3127375488e+03,1.1726551056e+00,-4.3776378036e-01,4.1138450000e+05
318,4.4663629532e+00,2.0781688690e+00,-1.3807307129e+03,1.1792511940e+00,-4.4514241815e-01,4.1133812500e+05
319,4.3918194771e+00,2.1622929573e+00,-1.6309749756e+03,1.1753908396e+00,-4.3534338474e-01,4.1127600000e+05
320,4.2542743683e+00,2.3470582962e+00,-2.1343664551e+03,1.1663755178e+00,-4.0521678329e-01,4.1121031250e+05
321,4.4281673431e+00,1.8391726017e+00,-2.8811765137e+03,1.1549894810e+00,-3.5789933801e-01,4.1113943750e+05
322,4.2916822433e+00,1.6304006577e+00,-3.7170505371e+03,1.1536966562e+00,-3.0406710505e-01,4.1107100000e+05
323,4.2758913040e+00,9.1864144802e-01,-4.5675786133e+03,1.1407312155e+00,-2.1975584328e-01,4.1099981250e+05
324,4.3031167984e+00,1.3691279292e-01,-5.0469082031e+03,1.1349285841e+00,-1.2902733684e-01,4.1093728125e+05
325,4.2925543785e+00,-6.1617219448e-01,-5.1132836914e+03,1.1162822247e+00,-3.0961455777e-02,4.1092387500e+05
326,4.2213048935e+00,-1.3356841803e+00,-4.8223701172e+03,1.1219930649e+00,6.2546476722e-02,4.1095881250e+05
327,4.1685161591e+00,-2.1235210896e+00,-4.1631572266e+03,1.1245093346e+00,1.6005600989e-01,4.1102575000e+05
328,4.1476802826e+00,-2.6213512421e+00,-3.1269279785e+03,1.1325691938e+00,2.4885968864e-01,4.1110531250e+05
329,4.3383455276e+00,-2.3207087517e+00,-2.2560148926e+03,1.1445337534e+00,3.2411095500e-01,4.1117831250e+05
330,4.4082899094e+00,-2.2129476070e+00,-1.7406915283e+03,1.1535261869e+00,3.9318299294e-01,4.1122581250e+05
331,4.4753727913e+00,-2.0458946228e+00,-1.4662381592e+03,1.1656180620e+00,4.2672339082e-01,4.1125865625e+05
332,4.4811234474e+00,-2.0491628647e+00,-1.3603819580e+03,1.1812293530e+00,4.5723348856e-01,4.1125984375e+05
333,4.4573726654e+00,-2.0911254883e+00,-1.3851334229e+03,1.1887017488e+00,4.6642595530e-01,4.1121571875e+05
334,4.3991594315e+00,-2.2175815105e+00,-1.5694870605e+03,1.1787259579e+00,4.5538902283e-01,4.1115946875e+05
335,4.3135108948e+00,-2.4072182178e+00,-1.9922314453e+03,1.1748985052e+00,4.3211710453e-01,4.1110350000e+05
336,4.4150676727e+00,-1.8998830318e+00,-2.6814960938e+03,1.1631277800e+00,3.7509927154e-01,4.1105743750e+05
337,4.3816299438e+00,-1.8214355707e+00,-3.4770917969e+03,1.1527059078e+00,3.2987663150e-01,4.1100131250e+05
338,4.3759865761e+00,-1.1309638023e+00,-4.3619218750e+03,1.1290609837e+00,2.5057664514e-01,4.1095046875e+05
339,4.3945312500e+00,-2.8805607557e-01,-4.9307963867e+03,1.1140376329e+00,1.7054674029e-01,4.1091403125e+05
340,4.4148035049e+00,4.3963766098e-01,-5.0697734375e+03,1.1007702351e+00,7.8822262585e-02,4.1089290625e+05
341,4.3649640083e+00,1.2090876102e+00,-4.8271679688e+03,1.1071369648e+00,-8.3086583763e-03,4.1094125000e+05
342,4.3145442009e+00,1.8879516125e+00,-4.2473911133e+03,1.1182471514e+00,-1.0963589698e-01,4.1102153125e+05
343,4.2796082497e+00,2.7396349907e+00,-3.2946655273e+03,1.1198288202e+00,-1.9424653053e-01,4.1112840625e+05
344,4.4227461815e+00,2.4282855988e+00,-2.3419416504e+03,1.1392462254e+00,-2.5586143136e-01,4.1122084375e+05
345,4.4875054359e+00,2.3174242973e+00,-1.7693067627e+03,1.1520431042e+00,-3.4195294976e-01,4.1128831250e+05
346,4.5446572304e+00,2.1252624989e+00,-1.4618852539e+03,1.1608177423e+00,-3.9416345954e-01,4.1134809375e+05
347,4.5616316795e+00,2.0331826210e+00,-1.3263225098e+03,1.1762192249e+00,-4.3523842096e-01,4.1137165625e+05
348,4.5415120125e+00,2.0651335716e+00,-1.3373769531e+03,1.1773142815e+00,-4.4003251195e-01,4.1136040625e+05
349,4.4921627045e+00,2.1670224667e+00,-1.4962166748e+03,1.1751918793e+00,-4.4495561719e-01,4.1130684375e+05
350,4.4181799889e+00,2.3232111931e+00,-1.8667281494e+03,1.1721806526e+00,-4.3220263720e-01,4.1124346875e+05
351,4.4645395279e+00,2.0344495773e+00,-2.5283012695e+03,1.1594412327e+00,-3.8254010677e-01,4.1118556250e+05
352,4.4984450340e+00,1.8266941309e+00,-3.2591169434e+03,1.1497192383e+00,-3.4184968472e-01,4.1112400000e+05
353,4.4424529076e+00,1.2652490139e+00,-4.1365708008e+03,1.1421420574e+00,-2.7013522387e-01,4.1105906250e+05
354,4.4374279976e+00,4.4262146950e-01,-4.7877910156e+03,1.1278436184e+00,-1.8629452586e-01,4.1098637500e+05
355,4.4557361603e+00,-3.3625826240e-01,-5.0073344727e+03,1.1157222986e+00,-9.6274405718e-02,4.1093550000e+05
356,4.4144086838e+00,-1.1238554716e+00,-4.8413999023e+03,1.1172082424e+00,-9.2073557898e-03,4.1094556250e+05
357,4.3426585197e+00,-1.8101344109e+00,-4.3105170898e+03,1.1249077320e+00,8.2243748009e-02,4.1099737500e+05
358,4.2913160324e+00,-2.6680984497e+00,-3.3983896484e+03,1.1261752844e+00,1.7199748755e-01,4.1107978125e+05
359,4.4270906448e+00,-2.3716251850e+00,-2.4215886230e+03,1.1464105844e+00,2.4477820098e-01,4.1116584375e+05
360,4.5041346550e+00,-2.3153350353e+00,-1.8086945801e+03,1.1504608393e+00,3.2496133447e-01,4.1123990625e+05
361,4.5776777267e+00,-2.0379590988e+00,-1.4835437012e+03,1.1759985685e+00,3.7942662835e-01,4.1127900000e+05
362,4.5821838379e+00,-2.0431134701e+00,-1.3279094238e+03,1.1836094856e+00,4.2220219970e-01,4.1130534375e+05
363,4.5549573898e+00,-2.0375857353e+00,-1.3045377197e+03,1.1862604618e+00,4.4976422191e-01,4.1129775000e+05
364,4.4782600403e+00,-2.1324400902e+00,-1.4140571289e+03,1.2008327246e+00,4.6106278896e-01,4.1125487500e+05
365,4.3784451485e+00,-2.3230113983e+00,-1.7321511230e+03,1.1927036047e+00,4.4760689139e-01,4.1120343750e+05
366,4.2450938225e+00,-2.2634861469e+00,-2.3871723633e+03,1.1908208132e+00,4.2121952772e-01,4.1115246875e+05
367,4.4051203728e+00,-1.8743078709e+00,-3.1896887207e+03,1.1764876842e+00,3.7246036530e-01,4.1110146875e+05
368,4.2912468910e+00,-1.3299719095e+00,-4.0696257324e+03,1.1567453146e+00,3.2074654102e-01,4.1106612500e+05
369,4.3247132301e+00,-5.3468143940e-01,-4.7499135742e+03,1.1496049166e+00,2.5338956714e-01,4.1100681250e+05
370,4.3502550125e+00,1.8754050136e-01,-5.0344697266e+03,1.1311156750e+00,1.6424907744e-01,4.1098134375e+05
371,4.2916598320e+00,9.2029446363e-01,-4.9016079102e+03,1.1281028986e+00,7.6942019165e-02,4.1099412500e+05
372,4.2109527588e+00,1.6122273207e+00,-4.4414814453e+03,1.1177666187e+00,-1.2109634466e-02,4.1106103125e+05
373,4.1105332375e+00,2.5734426975e+00,-3.5910651855e+03,1.1194853783e+00,-1.1147990823e-01,4.1115403125e+05
374,4.2651052475e+00,2.5168974400e+00,-2.5389082031e+03,1.1256062984e+00,-1.8851977587e-01,4.1124928125e+05
375,4.4413390160e+00,2.3414559364e+00,-1.8792183838e+03,1.1355103254e+00,-2.6885434985e-01,4.1133109375e+05
376,4.5343909264e+00,2.1045877934e+00,-1.5055241699e+03,1.1527725458e+00,-3.3651268482e-01,4.1138887500e+05
377,4.5834283829e+00,2.0529463291e+00,-1.3283264160e+03,1.1641299725e+00,-3.8150331378e-01,4.1142275000e+05
378,4.5863265991e+00,2.0348513126e+00,-1.2945025635e+03,1.1772708893e+00,-4.2633405328e-01,4.1141253125e+05
379,4.5518622398e+00,2.0634624958e+00,-1.3921059570e+03,1.1756542921e+00,-4.3570694327e-01,4.1137928125e+05
380,4.5046896935e+00,2.2177290916e+00,-1.6734932861e+03,1.1765971184e+00,-4.3911534548e-01,4.1132746875e+05
381,4.4801292419e+00,2.1951241493e+00,-2.2271245117e+03,1.1689254045e+00,-4.2448544502e-01,4.1126053125e+05
382,4.6256542206e+00,1.8544257879e+00,-2.8853376465e+03,1.1538218260e+00,-3.8884311914e-01,4.1121050000e+05
383,4.5380730629e+00,1.5334209204e+00,-3.7377993164e+03,1.1445316076e+00,-3.4317490458e-01,4.1114937500e+05
384,4.4946331978e+00,7.3417025805e-01,-4.5299926758e+03,1.1348582506e+00,-2.8220912814e-01,4.1108321875e+05
385,4.4989771843e+00,-8.9393451810e-02,-4.8892631836e+03,1.1185897589e+00,-1.9403497875e-01,4.1104390625e+05
386,4.4686651230e+00,-8.8923901320e-01,-4.8352265625e+03,1.1169544458e+00,-1.1248833686e-01,4.1103678125e+05
387,4.3965616226e+00,-1.6030244827e+00,-4.3989458008e+03,1.1182054281e+00,-1.9835544750e-02,4.1107931250e+05
388,4.3511404991e+00,-2.5197007656e+00,-3.6106899414e+03,1.1184588671e+00,6.3423365355e-02,4.1115615625e+05
389,4.4467163086e+00,-2.4392080307e+00,-2.5879460449e+03,1.1282665730e+00,1.3759003580e-01,4.1123387500e+05
390,4.5696139336e+00,-2.3150665760e+00,-1.9092270508e+03,1.1374504566e+00,2.2790144384e-01,4.1130571875e+05
391,4.6339006424e+00,-2.0047435760e+00,-1.5162922363e+03,1.1537135839e+00,2.9863283038e-01,4.1135231250e+05
392,4.6582694054e+00,-2.0022993088e+00,-1.3297772217e+03,1.1651259661e+00,3.5270836949e-01,4.1138900000e+05
393,4.6458711624e+00,-2.0462300777e+00,-1.2806423340e+03,1.1742533445e+00,4.0818527341e-01,4.1138865625e+05
394,4.6040415764e+00,-2.1319067478e+00,-1.3555291748e+03,1.1880167723e+00,4.4670623541e-01,4.1134512500e+05
395,4.5391659737e+00,-2.3141791821e+00,-1.6108453369e+03,1.1930022240e+00,4.4754299521e-01,4.1128284375e+05
396,4.4597020149e+00,-2.3113415241e+00,-2.1652441406e+03,1.1946316957e+00,4.3795999885e-01,4.1122662500e+05
397,4.6677598953e+00,-1.9399309158e+00,-2.8752661133e+03,1.1851936579e+00,4.1741311550e-01,4.1117225000e+05
398,4.5917143822e+00,-1.5660564899e+00,-3.7492375488e+03,1.1709407568e+00,3.7647011876e-01,4.1112646875e+05
399,4.5770821571e+00,-7.7388334274e-01,-4.5305190430e+03,1.1666907072e+00,3.1564539671e-01,4.1108137500e+05
400,4.5679016113e+00,-2.5336336344e-02,-4.8919921875e+03,1.1459727287e+00,2.4772498012e-01,4.1104818750e+05
401,4.5132336617e+00,6.9574904442e-01,-4.8872324219e+03,1.1290692091e+00,1.5914380550e-01,4.1105512500e+05
402,4.4036331177e+00,1.4122091532e+00,-4.4964536133e+03,1.1147295237e+00,7.6034665108e-02,4.1111615625e+05
403,4.3048353195e+00,2.3013200760e+00,-3.7416579590e+03,1.1142567396e+00,-1.5934439376e-02,4.1120443750e+05
404,4.3262314796e+00,2.5540058613e+00,-2.6836147461e+03,1.1094305515e+00,-9.8228968680e-02,4.1130103125e+05
405,4.4945063591e+00,2.2721588612e+00,-1.9208846436e+03,1.1148538589e+00,-1.8957759440e-01,4.1138806250e+05
406,4.5414586067e+00,2.0566196442e+00,-1.4841925049e+03,1.1272661686e+00,-2.7415895462e-01,4.1143243750e+05
407,4.5617418289e+00,1.9127463102e+00,-1.2516549072e+03,1.1315137148e+00,-3.3907729387e-01,4.1148159375e+05
408,4.5419168472e+00,1.8968224525e+00,-1.1658984375e+03,1.1466534138e+00,-3.8410231471e-01,4.1149762500e+05
409,4.5066924095e+00,1.9493418932e+00,-1.1991878662e+03,1.1551016569e+00,-4.3149286509e-01,4.1147134375e+05
410,4.4598326683e+00,2.0288395882e+00,-1.3796898193e+03,1.1635043621e+00,-4.4581499696e-01,4.1142331250e+05
411,4.3828697205e+00,2.1943039894e+00,-1.7517618408e+03,1.1683709621e+00,-4.4177109003e-01,4.1137890625e+05
412,4.3859767914e+00,2.0292983055e+00,-2.4317670898e+03,1.1605690718e+00,-4.2561534047e-01,4.1133025000e+05
413,4.4769349098e+00,1.7414681911e+00,-3.1966394043e+03,1.1623361111e+00,-4.0523514152e-01,4.1126978125e+05
414,4.4095335007e+00,1.2126823664e+00,-4.0875534668e+03,1.1477637291e+00,-3.4001970291e-01,4.1121381250e+05
415,4.3975996971e+00,3.9227309823e-01,-4.7500239258e+03,1.1380147934e+00,-2.6939806342e-01,4.1116675000e+05
416,4.4032459259e+00,-3.6575633287e-01,-4.9610195312e+03,1.1218395233e+00,-1.8892003596e-01,4.1115306250e+05
417,4.3565425873e+00,-1.1369781494e+00,-4.7590864258e+03,1.1179025173e+00,-8.8734827936e-02,4.1119990625e+05
418,4.2994952202e+00,-1.8470125198e+00,-4.2046811523e+03,1.1081073284e+00,-1.1329947039e-02,4.1128725000e+05
419,4.2540464401e+00,-2.6002867222e+00,-3.2548757324e+03,1.1185269356e+00,9.3969784677e-02,4.1137590625e+05
420,4.4304819107e+00,-2.2802987099e+00,-2.2979746094e+03,1.1281346083e+00,1.7779035866e-01,4.1145393750e+05
421,4.5201797485e+00,-2.1870229244e+00,-1.7172468262e+03,1.1414651871e+00,2.6320174336e-01,4.1150712500e+05
422,4.5838932991e+00,-1.9316308498e+00,-1.3911468506e+03,1.1543554068e+00,3.2586985826e-01,4.1154375000e+05
423,4.5771861076e+00,-1.9151141644e+00,-1.2372248535e+03,1.1651947498e+00,3.9632013440e-01,4.1156628125e+05
424,4.5417127609e+00,-1.9737427235e+00,-1.2103962402e+03,1.1756043434e+00,4.1608908772e-01,4.1154662500e+05
425,4.4905128479e+00,-2.0734727383e+00,-1.2921492920e+03,1.1893367767e+00,4.4132128358e-01,4.1150343750e+05
426,4.3958859444e+00,-2.2195327282e+00,-1.5481872559e+03,1.1862875223e+00,4.4927471876e-01,4.1145918750e+05
427,4.2391262054e+00,-2.4112846851e+00,-2.0731091309e+03,1.1860662699e+00,4.3359062076e-01,4.1141000000e+05
428,4.3629217148e+00,-1.8182237148e+00,-2.8588803711e+03,1.1676877737e+00,3.9976686239e-01,4.1137178125e+05
429,4.2724184990e+00,-1.6276112795e+00,-3.7158476562e+03,1.1628302336e+00,3.6555746198e-01,4.1131075000e+05
430,4.2507839203e+00,-8.9089483023e-01,-4.5653735352e+03,1.1510009766e+00,3.1679928303e-01,4.1126500000e+05
431,4.2680692673e+00,-1.0283979028e-01,-5.0245683594e+03,1.1387528181e+00,2.4224884808e-01,4.1125656250e+05
432,4.2407555580e+00,6.3862293959e-01,-5.0752675781e+03,1.1249139309e+00,1.5766958892e-01,4.1130087500e+05
433,4.1626248360e+00,1.3426964283e+00,-4.7190332031e+03,1.1228660345e+00,7.6441824436e-02,4.1137909375e+05
434,4.1107082367e+00,2.2005505562e+00,-4.0001115723e+03,1.1121282578e+00,-1.5509309247e-02,4.1147281250e+05
435,4.1421985626e+00,2.6245217323e+00,-2.9401889648e+03,1.1200629473e+00,-1.1172939092e-01,4.1156165625e+05
436,4.3692836761e+00,2.3256502151e+00,-2.1051975098e+03,1.1222255230e+00,-2.0177498460e-01,4.1162265625e+05
437,4.4648036957e+00,2.1910526752e+00,-1.6230191650e+03,1.1316128969e+00,-2.7907305956e-01,4.1165806250e+05
438,4.5677094460e+00,2.0108649731e+00,-1.3455662842e+03,1.1471805573e+00,-3.4502953291e-01,4.1167509375e+05
439,4.5862574577e+00,1.9883160591e+00,-1.2343538818e+03,1.1697509289e+00,-3.9848867059e-01,4.1164471875e+05
440,4.5647149086e+00,2.0261974335e+00,-1.2424055176e+03,1.1750437021e+00,-4.3838575482e-01,4.1158821875e+05
441,4.5076503754e+00,2.1037180424e+00,-1.3962872314e+03,1.1821173429e+00,-4.4628661871e-01,4.1152515625e+05
442,4.3950271606e+00,2.2597892284e+00,-1.7637758789e+03,1.1861109734e+00,-4.4560667872e-01,4.1145581250e+05
443,4.2877259254e+00,2.2224330902e+00,-2.4493649902e+03,1.1835809946e+00,-4.2536988854e-01,4.1140300000e+05
444,4.4606442451e+00,1.7266523838e+00,-3.2073693848e+03,1.1744898558e+00,-3.9554288983e-01,4.1135503125e+05
445,4.3226943016e+00,1.3208035231e+00,-4.0827143555e+03,1.1548376083e+00,-3.3174881339e-01,4.1130700000e+05
446,4.2881183624e+00,5.2059495449e-01,-4.7869345703e+03,1.1428017616e+00,-2.5940141082e-01,4.1127684375e+05
447,4.2878689766e+00,-2.7286246419e-01,-5.0563925781e+03,1.1287418604e+00,-1.8634314835e-01,4.1129681250e+05
448,4.2318463326e+00,-1.0401239395e+00,-4.8911958008e+03,1.1121643782e+00,-8.8486716151e-02,4.1135278125e+05
449,4.1773481369e+00,-1.7183841467e+00,-4.3731782227e+03,1.1169717312e+00,-4.1300780140e-03,4.1144221875e+05
450,4.0847063065e+00,-2.6054856777e+00,-3.4805551758e+03,1.1189416647e+00,8.8729716837e-02,4.1153931250e+05
451,4.2833261490e+00,-2.3799223900e+00,-2.4595812988e+03,1.1227355003e+00,1.6376437247e-01,4.1162831250e+05
452,4.4191145897e+00,-2.3246343136e+00,-1.8078847656e+03,1.1467124224e+00,2.5573638082e-01,4.1168440625e+05
453,4.5060286522e+00,-2.0652937889e+00,-1.4454404297e+03,1.1607786417e+00,3.0492952466e-01,4.1173734375e+05
454,4.5129961967e+00,-2.0519704819e+00,-1.2780733643e+03,1.1806032658e+00,3.6813375354e-01,4.1175003125e+05
455,4.5108900070e+00,-2.0169329643e+00,-1.2456486816e+03,1.1927570105e+00,4.1374769807e-01,4.1172671875e+05
456,4.4837465286e+00,-2.0784540176e+00,-1.3368989258e+03,1.1999717951e+00,4.4273415208e-01,4.1167690625e+05
457,4.4344940186e+00,-2.2218449116e+00,-1.6156781006e+03,1.1990554333e+00,4.4539037347e-01,4.1161846875e+05
458,4.3267135620e+00,-2.3312170506e+00,-2.1870874023e+03,1.1993969679e+00,4.3196347356e-01,4.1155587500e+05
459,4.5510392189e+00,-1.8567475080e+00,-2.9345852051e+03,1.1816370487e+00,3.9900922775e-01,4.1150543750e+05
460,4.4384508133e+00,-1.5871978998e+00,-3.8123708496e+03,1.1667251587e+00,3.4549939632e-01,4.1145650000e+05
461,4.4388976097e+00,-8.1625443697e-01,-4.6648066406e+03,1.1486673355e+00,2.8634575009e-01,4.1141250000e+05
462,4.4704771042e+00,-3.2701589167e-02,-5.0936093750e+03,1.1336615086e+00,2.1187807620e-01,4.1139331250e+05
463,4.4475426674e+00,7.0512408018e-01,-5.0884975586e+03,1.1222110987e+00,1.2618882954e-01,4.1143471875e+05
464,4.3638348579e+00,1.4231665134e+00,-4.6896376953e+03,1.1091572046e+00,2.9404230416e-02,4.1151812500e+05
465,4.3254666328e+00,2.2084090710e+00,-3.9734321289e+03,1.1105111837e+00,-5.7878285646e-02,4.1162131250e+05
466,4.3212361336e+00,2.7050457001e+00,-2.9075222168e+03,1.1129902601e+00,-1.3906177878e-01,4.1171643750e+05
467,4.4967713356e+00,2.3500258923e+00,-2.0679458008e+03,1.1238702536e+00,-2.1832941473e-01,4.1178887500e+05
468,4.5524101257e+00,2.1410942078e+00,-1.5689031982e+03,1.1347891092e+00,-2.8796756268e-01,4.1183850000e+05
469,4.5937914848e+00,2.0456402302e+00,-1.3196196289e+03,1.1540583372e+00,-3.5234385729e-01,4.1186131250e+05
470,4.6040287018e+00,2.0344448090e+00,-1.2184985352e+03,1.1641601324e+00,-3.8914617896e-01,4.1183781250e+05
471,4.5770807266e+00,1.9968838692e+00,-1.2413122559e+03,1.1699441671e+00,-4.2493927479e-01,4.1178025000e+05
472,4.4843564034e+00,2.0535118580e+00,-1.3985986328e+03,1.1769053936e+00,-4.2780986428e-01,4.1171456250e+05
473,4.3367819786e+00,2.1970996857e+00,-1.7671834717e+03,1.1819294691e+00,-4.1731676459e-01,4.1163978125e+05
474,4.1328673363e+00,2.3211457729e+00,-2.4887783203e+03,1.1834423542e+00,-3.9564749599e-01,4.1156325000e+05
475,4.3675060272e+00,1.6588057280e+00,-3.3547292480e+03,1.1728646755e+00,-3.4750890732e-01,4.1150281250e+05
476,4.1899533272e+00,1.2577540874e+00,-4.2382905273e+03,1.1633365154e+00,-2.8748536110e-01,4.1144246875e+05
477,4.2010703087e+00,4.8747208714e-01,-4.9365361328e+03,1.1523543596e+00,-2.2147004306e-01,4.1138721875e+05
478,4.1982998848e+00,-2.7602568269e-01,-5.1979555664e+03,1.1366515160e+00,-1.3149270415e-01,4.1137271875e+05
479,4.1405110359e+00,-1.0052238703e+00,-5.0522236328e+03,1.1334564686e+00,-5.0387628376e-02,4.1141021875e+05
480,4.0895481110e+00,-1.6537075043e+00,-4.5669287109e+03,1.1288449764e+00,2.6264516637e-02,4.1148556250e+05
481,3.9524252415e+00,-2.5914058685e+00,-3.6901101074e+03,1.1287940741e+00,1.2200868130e-01,4.1157600000e+05
482,4.1454181671e+00,-2.4083962440e+00,-2.6238408203e+03,1.1360898018e+00,2.0262551308e-01,4.1164840625e+05
483,4.3446202278e+00,-2.3152766228e+00,-1.9371972656e+03,1.1423600912e+00,2.8137800097e-01,4.1169256250e+05
484,4.4427814484e+00,-2.0658555031e+00,-1.5466855469e+03,1.1539465189e+00,3.3933591843e-01,4.1173284375e+05
485,4.4830732346e+00,-2.0436162949e+00,-1.3694169922e+03,1.1643190384e+00,3.9127120376e-01,4.1174093750e+05
486,4.4960002899e+00,-2.0705654621e+00,-1.3190953369e+03,1.1665450335e+00,4.1694837809e-01,4.1170900000e+05
487,4.4714198112e+00,-2.1205146313e+00,-1.4102884521e+03,1.1711531878e+00,4.4203016162e-01,4.1165156250e+05
488,4.3853764534e+00,-2.2459340096e+00,-1.6726037598e+03,1.1700390577e+00,4.2707380652e-01,4.1159031250e+05
489,4.2373046875e+00,-2.4713416100e+00,-2.2012788086e+03,1.1651532650e+00,4.1502875090e-01,4.1153737500e+05
490,4.3230104446e+00,-1.8431644440e+00,-3.0523989258e+03,1.1605523825e+00,3.6273214221e-01,4.1148684375e+05
491,4.2947950363e+00,-1.6397387981e+00,-3.9022346191e+03,1.1560294628e+00,3.1666094065e-01,4.1142396875e+05
492,4.2958416939e+00,-8.8142150640e-01,-4.7314345703e+03,1.1378452778e+00,2.4567237496e-01,4.1137890625e+05
493,4.3369283676e+00,-1.0549676418e-01,-5.2111020508e+03,1.1390687227e+00,1.7376740277e-01,4.1135946875e+05
494,4.3486413956e+00,6.3410204649e-01,-5.2679321289e+03,1.1280446053e+00,9.0142115951e-02,4.1139750000e+05
495,4.2802743912e+00,1.3007141352e+00,-4.9444545898e+03,1.1290199757e+00,5.7226559147e-03,4.1147159375e+05
496,4.2379179001e+00,2.0834929943e+00,-4.3186787109e+03,1.1346275806e+00,-9.3841791153e-02,4.1156996875e+05
497,4.1889791489e+00,2.8386380672e+00,-3.2461853027e+03,1.1319965124e+00,-1.6928619146e-01,4.1167187500e+05
498,4.3890342712e+00,2.4695019722e+00,-2.2850532227e+03,1.1407756805e+00,-2.4659584463e-01,4.1174453125e+05
499,4.4848194122e+00,2.2798531055e+00,-1.7325726318e+03,1.1442966461e+00,-3.1112563610e-01,4.1179678125e+05
500,4.5442876816e+00,2.1156673431e+00,-1.4565059814e+03,1.1643424034e+00,-3.6736878753e-01,4.1182537500e+05
501,4.5410919189e+00,2.1052749157e+00,-1.3511663818e+03,1.1750909090e+00,-4.0720823407e-01,4.1181462500e+05
502,4.5233883858e+00,2.1641445160e+00,-1.3888759766e+03,1.1867110729e+00,-4.3665435910e-01,4.1176087500e+05
503,4.4736380577e+00,2.2584958076e+00,-1.6066035156e+03,1.1950832605e+00,-4.3789151311e-01,4.1168546875e+05
504,4.3691396713e+00,2.4457163811e+00,-2.0847165527e+03,1.1940233707e+00,-4.2823079228e-01,4.1160421875e+05
505,4.4823842049e+00,1.9696170092e+00,-2.8642534180e+03,1.1801164150e+00,-3.9635872841e-01,4.1152740625e+05
506,4.4428663254e+00,1.7177047729e+00,-3.6936459961e+03,1.1671615839e+00,-3.4650489688e-01,4.1145118750e+05
507,4.4637832642e+00,1.0018225908e+00,-4.5539746094e+03,1.1455860138e+00,-3.0075296760e-01,4.1138187500e+05
508,4.5086317062e+00,2.0388808846e-01,-5.0714570312e+03,1.1427725554e+00,-2.2212417424e-01,4.1131721875e+05
509,4.5192508698e+00,-5.3257447481e-01,-5.1561728516e+03,1.1276321411e+00,-1.4457011223e-01,4.1130343750e+05
510,4.4394021034e+00,-1.2424917221e+00,-4.8746757812e+03,1.1253986359e+00,-5.4732680321e-02,4.1134040625e+05
511,4.3895764351e+00,-1.9776043892e+00,-4.2862006836e+03,1.1346970797e+00,3.0739320442e-02,4.1141450000e+05
512,4.3296599388e+00,-2.7381348610e+00,-3.2401704102e+03,1.1314303875e+00,1.1165767163e-01,4.1150162500e+05
513,4.4876079559e+00,-2.3997907639e+00,-2.2465568848e+03,1.1452988386e+00,1.9478979707e-01,4.1158253125e+05
514,4.5668196678e+00,-2.2308933735e+00,-1.6603404541e+03,1.1483902931e+00,2.6999390125e-01,4.1164084375e+05
515,4.6348876953e+00,-2.0572705269e+00,-1.3807709961e+03,1.1608603001e+00,3.2866194844e-01,4.1168100000e+05
516,4.6489343643e+00,-2.0381388664e+00,-1.2513906250e+03,1.1660178900e+00,3.8227134943e-01,4.1169653125e+05
517,4.6143221855e+00,-2.0993351936e+00,-1.2657589111e+03,1.1779408455e+00,4.2095181346e-01,4.1168412500e+05
518,4.5572881699e+00,-2.1821050644e+00,-1.4295074463e+03,1.1845074892e+00,4.4549104571e-01,4.1162190625e+05
519,4.4622397423e+00,-2.4226126671e+00,-1.8297535400e+03,1.1819401979e+00,4.3602916598e-01,4.1156125000e+05
520,4.5379796028e+00,-1.8905390501e+00,-2.5132812500e+03,1.1697561741e+00,4.2596521974e-01,4.1150375000e+05
521,4.5566601753e+00,-1.8414260149e+00,-3.2684426270e+03,1.1560554504e+00,3.9261355996e-01,4.1144659375e+05
522,4.5169730186e+00,-1.2221304178e+00,-4.1431528320e+03,1.1367021799e+00,3.2472765446e-01,4.1138743750e+05
523,4.5000343323e+00,-3.8290783763e-01,-4.7762822266e+03,1.1267377138e+00,2.7025333047e-01,4.1132912500e+05
524,4.4984683990e+00,3.6097857356e-01,-4.9533027344e+03,1.1116331816e+00,1.8478989601e-01,4.1129506250e+05
525,4.4261789322e+00,1.0887930393e+00,-4.7614497070e+03,1.1025021076e+00,1.0748661309e-01,4.1132081250e+05
526,4.3543162346e+00,1.8595662117e+00,-4.2165454102e+03,1.1073911190e+00,1.4100324363e-02,4.1138681250e+05
527,4.2935304642e+00,2.6928770542e+00,-3.2459003906e+03,1.1086202860e+00,-6.9236814976e-02,4.1148584375e+05
528,4.4666223526e+00,2.3769176006e+00,-2.2852607422e+03,1.1175111532e+00,-1.6035483778e-01,4.1157159375e+05
529,4.5422968864e+00,2.2378001213e+00,-1.7124514160e+03,1.1352617741e+00,-2.3426190019e-01,4.1163937500e+05
530,4.5998492241e+00,1.9959049225e+00,-1.3900366211e+03,1.1376425028e+00,-3.1219947338e-01,4.1170012500e+05
531,4.5982041359e+00,1.9651877880e+00,-1.2510758057e+03,1.1533467770e+00,-3.5594111681e-01,4.1172459375e+05
532,4.5800466537e+00,1.9615019560e+00,-1.2044758301e+03,1.1673505306e+00,-3.9647763968e-01,4.1170315625e+05
533,4.5380125046e+00,2.0171601772e+00,-1.3040267334e+03,1.1788609028e+00,-4.1873642802e-01,4.1164731250e+05
534,4.4641675949e+00,2.1482729912e+00,-1.5761517334e+03,1.1805499792e+00,-4.1997274756e-01,4.1158725000e+05
535,4.3306684494e+00,2.2820570469e+00,-2.1499428711e+03,1.1744805574e+00,-4.1735592484e-01,4.1153040625e+05
536,4.5104703903e+00,1.7437720299e+00,-2.8671950684e+03,1.1724889278e+00,-3.9687716961e-01,4.1147046875e+05
537,4.3457574844e+00,1.5033992529e+00,-3.7328405762e+03,1.1603496075e+00,-3.5233348608e-01,4.1141165625e+05
538,4.3337249756e+00,7.2051596642e-01,-4.5269038086e+03,1.1453458071e+00,-2.9224991798e-01,4.1134646875e+05
539,4.3398675919e+00,-8.5983432829e-02,-4.9460234375e+03,1.1370837688e+00,-2.2959282994e-01,4.1131540625e+05
540,4.2942061424e+00,-8.8340669870e-01,-4.8793183594e+03,1.1221053600e+00,-1.4815080166e-01,4.1133912500e+05
541,4.2188706398e+00,-1.5938532352e+00,-4.4358925781e+03,1.1126466990e+00,-6.8084210157e-02,4.1139493750e+05
542,4.1755862236e+00,-2.4661297798e+00,-3.6382270508e+03,1.1109406948e+00,1.3407225721e-02,4.1147406250e+05
543,4.2879958153e+00,-2.4232106209e+00,-2.6141621094e+03,1.1045002937e+00,1.0713247955e-01,4.1155200000e+05
544,4.4470000267e+00,-2.3035635948e+00,-1.9139447021e+03,1.1080962420e+00,1.8892382085e-01,4.1160046875e+05
545,4.5428552628e+00,-2.0333218575e+00,-1.5227371826e+03,1.1274129152e+00,2.5661280751e-01,4.1162815625e+05
546,4.5806469917e+00,-1.9971820116e+00,-1.3194517822e+03,1.1321699619e+00,3.1784111261e-01,4.1163312500e+05
547,4.5620036125e+00,-2.0469646454e+00,-1.2476693115e+03,1.1452977657e+00,3.7476527691e-01,4.1160318750e+05
548,4.5185790062e+00,-2.1132705212e+00,-1.3086101074e+03,1.1516294479e+00,4.0493541956e-01,4.1154721875e+05
549,4.4577369690e+00,-2.1960926056e+00,-1.5431257324e+03,1.1640256643e+00,4.3507140875e-01,4.1147512500e+05
550,4.3189601898e+00,-2.4191198349e+00,-2.0315782471e+03,1.1665673256e+00,4.3709385395e-01,4.1141037500e+05
551,4.4495840073e+00,-1.7977117300e+00,-2.8080751953e+03,1.1605242491e+00,4.2687121034e-01,4.1135337500e+05
552,4.3592829704e+00,-1.6982405186e+00,-3.6091401367e+03,1.1538578272e+00,3.8651934266e-01,4.1130956250e+05
553,4.3252077103e+00,-1.0375206470e+00,-4.4916313477e+03,1.1444475651e+00,3.4183999896e-01,4.1126409375e+05
554,4.3164610863e+00,-2.4161088467e-01,-5.0465883789e+03,1.1371881962e+00,2.8690314293e-01,4.1124168750e+05
555,4.3041105270e+00,5.0569176674e-01,-5.1601230469e+03,1.1282358170e+00,2.1251703799e-01,4.1128068750e+05
556,4.2297277451e+00,1.2115818262e+00,-4.8674111328e+03,1.1262791157e+00,1.2489140034e-01,4.1135359375e+05
557,4.1828322411e+00,1.9430611134e+00,-4.2672509766e+03,1.1107889414e+00,3.4247979522e-02,4.1146531250e+05
558,4.1277241707e+00,2.7314238548e+00,-3.2253447266e+03,1.1200915575e+00,-4.2612172663e-02,4.1157181250e+05
559,4.3670544624e+00,2.3973095417e+00,-2.2639287109e+03,1.1189153194e+00,-1.3145060837e-01,4.1167100000e+05
560,4.4729828835e+00,2.2750101089e+00,-1.7090336914e+03,1.1244554520e+00,-2.1265754104e-01,4.1173881250e+05
561,4.5642061234e+00,2.0162284374e+00,-1.4053647461e+03,1.1404848099e+00,-2.6732745767e-01,4.1177537500e+05
562,4.5795516968e+00,2.0272889137e+00,-1.2794241943e+03,1.1513502598e+00,-3.3314540982e-01,4.1178628125e+05
563,4.5523347855e+00,2.0759272575e+00,-1.2793175049e+03,1.1576071978e+00,-3.7610140443e-01,4.1175053125e+05
564,4.5134892464e+00,2.1613233089e+00,-1.4341882324e+03,1.1696451902e+00,-4.0003433824e-01,4.1169893750e+05
565,4.4399652481e+00,2.3008439541e+00,-1.8025074463e+03,1.1657072306e+00,-4.1896775365e-01,4.1164628125e+05
566,4.3562679291e+00,2.2909715176e+00,-2.5076779785e+03,1.1699546576e+00,-4.0997070074e-01,4.1159946875e+05
567,4.5662536621e+00,1.7805540562e+00,-3.3245751953e+03,1.1571424007e+00,-3.9597773552e-01,4.1155056250e+05
568,4.4885954857e+00,1.2942521572e+00,-4.2172358398e+03,1.1505724192e+00,-3.4654784203e-01,4.1149809375e+05
569,4.5043692589e+00,4.7181075811e-01,-4.9166977539e+03,1.1414511204e+00,-2.9355597496e-01,4.1146209375e+05
570,4.5222401619e+00,-3.0035087466e-01,-5.1388344727e+03,1.1343021393e+00,-2.2940444946e-01,4.1146084375e+05
571,4.4668726921e+00,-1.0194202662e+00,-4.9635932617e+03,1.1165434122e+00,-1.5905581415e-01,4.1150612500e+05
572,4.3866066933e+00,-1.6968117952e+00,-4.4638754883e+03,1.1102296114e+00,-8.4252402186e-02,4.1158581250e+05
573,4.3120827675e+00,-2.6487629414e+00,-3.5271447754e+03,1.1034953594e+00,8.0938143656e-03,4.1167540625e+05
574,4.4523057938e+00,-2.3918139935e+00,-2.4385048828e+03,1.1100528240e+00,8.1957511604e-02,4.1175650000e+05
575,4.5606489182e+00,-2.2677698135e+00,-1.7772537842e+03,1.1137616634e+00,1.5050366521e-01,4.1181471875e+05
576,4.6165924072e+00,-2.0111114979e+00,-1.4030660400e+03,1.1299318075e+00,2.2319595516e-01,4.1184237500e+05
577,4.6335759163e+00,-1.9559994936e+00,-1.2235467529e+03,1.1404893398e+00,2.8499308228e-01,4.1184228125e+05
578,4.6238493919e+00,-1.9556174278e+00,-1.1692335205e+03,1.1533300877e+00,3.3878198266e-01,4.1180378125e+05
579,4.5793180466e+00,-2.0309965611e+00,-1.2322736816e+03,1.1503291130e+00,3.6791765690e-01,4.1174665625e+05
580,4.4919471741e+00,-2.1707687378e+00,-1.4646256104e+03,1.1703201532e+00,3.8853308558e-01,4.1167487500e+05
581,4.3501710892e+00,-2.4138929844e+00,-1.9385041504e+03,1.1657850742e+00,3.8914263248e-01,4.1160178125e+05
582,4.4086351395e+00,-1.8392126560e+00,-2.7495131836e+03,1.1655505896e+00,3.7858989835e-01,4.1153687500e+05
583,4.3900623322e+00,-1.6751744747e+00,-3.5793283691e+03,1.1501021385e+00,3.3752351999e-01,4.1147421875e+05
584,4.3468618393e+00,-9.8852252960e-01,-4.4690419922e+03,1.1422182322e+00,2.9765307903e-01,4.1142437500e+05
585,4.3568739891e+00,-1.9174167514e-01,-5.0093125000e+03,1.1290109158e+00,2.3097196221e-01,4.1139025000e+05
586,4.3577218056e+00,5.2939641476e-01,-5.1212451172e+03,1.1192972660e+00,1.6344597936e-01,4.1142331250e+05
587,4.2867641449e+00,1.1923415661e+00,-4.8442822266e+03,1.1086012125e+00,8.2372881472e-02,4.1149640625e+05
588,4.2255134583e+00,1.9989954233e+00,-4.2344868164e+03,1.1008458138e+00,2.5346677285e-03,4.1160465625e+05
589,4.1667718887e+00,2.7162530422e+00,-3.1445476074e+03,1.1042165756e+00,-7.6466888189e-02,4.1170975000e+05
590,4.3594150543e+00,2.3829488754e+00,-2.1803840332e+03,1.1180881262e+00,-1.5351477265e-01,4.1178765625e+05
591,4.4566917419e+00,2.2282319069e+00,-1.6158645020e+03,1.1264979839e+00,-2.2370523214e-01,4.1184384375e+05
592,4.5170006752e+00,2.0329823494e+00,-1.3149129639e+03,1.1476019621e+00,-2.8401091695e-01,4.1188709375e+05
593,4.5393142700e+00,1.9674751759e+00,-1.1871237793e+03,1.1494970322e+00,-3.4723550081e-01,4.1188568750e+05
594,4.5487194061e+00,1.9650563002e+00,-1.1757946777e+03,1.1689869165e+00,-3.7198027968e-01,4.1184390625e+05
595,4.4983143806e+00,2.0575990677e+00,-1.3032274170e+03,1.1727759838e+00,-4.0607634187e-01,4.1179468750e+05
596,4.3898272514e+00,2.1729526520e+00,-1.6299804688e+03,1.1731231213e+00,-4.0658721328e-01,4.1174831250e+05
597,4.2082509995e+00,2.3293251991e+00,-2.2681186523e+03,1.1793272495e+00,-3.9645838737e-01,4.1169390625e+05
598,4.4024620056e+00,1.7409715652e+00,-3.1115698242e+03,1.1716656685e+00,-3.7228611112e-01,4.1165653125e+05
599,4.2272810936e+00,1.4524817467e+00,-4.0156652832e+03,1.1676608324e+00,-3.3173680305e-01,4.1160981250e+05
600,4.2289729118e+00,6.9113159180e-01,-4.8125576172e+03,1.1549478769e+00,-2.8752356768e-01,4.1157940625e+05
601,4.2623915672e+00,-7.7973715961e-02,-5.1924609375e+03,1.1470873356e+00,-2.1790753305e-01,4.1159956250e+05
602,4.2307934761e+00,-8.2862943411e-01,-5.1471494141e+03,1.1340194941e+00,-1.4376597106e-01,4.1165878125e+05
603,4.1702437401e+00,-1.4651945829e+00,-4.7129228516e+03,1.1301358938e+00,-6.7699380219e-02,4.1174956250e+05
604,4.1193451881e+00,-2.3376522064e+00,-3.9351813965e+03,1.1303544044e+00,2.0918488503e-02,4.1183834375e+05
605,4.1548357010e+00,-2.5238602161e+00,-2.8177580566e+03,1.1301721334e+00,1.0037655383e-01,4.1192003125e+05
606,4.3544468880e+00,-2.2659096718e+00,-2.0143044434e+03,1.1252951622e+00,1.8863840401e-01,4.1195925000e+05
607,4.4273438454e+00,-2.0758035183e+00,-1.5555041504e+03,1.1357375383e+00,2.5980839133e-01,4.1198715625e+05
608,4.4702053070e+00,-2.0270440578e+00,-1.3305518799e+03,1.1423264742e+00,3.1315430999e-01,4.1198031250e+05
609,4.4809346199e+00,-1.9785492420e+00,-1.2418874512e+03,1.1454709768e+00,3.6534720659e-01,4.1192868750e+05
610,4.4736843109e+00,-1.9951752424e+00,-1.2738244629e+03,1.1551481485e+00,3.8802382350e-01,4.1184759375e+05
611,4.4297719002e+00,-2.1130678654e+00,-1.4625792236e+03,1.1580452919e+00,4.0660861135e-01,4.1176643750e+05
612,4.3510494232e+00,-2.3360984325e+00,-1.8677929688e+03,1.1579298973e+00,3.9868006110e-01,4.1168465625e+05
613,4.3136529922e+00,-1.9973254204e+00,-2.6116865234e+03,1.1602423191e+00,3.8146644831e-01,4.1161221875e+05
614,4.4536471367e+00,-1.8118300438e+00,-3.4264704590e+03,1.1550077200e+00,3.4444248676e-01,4.1154437500e+05
615,4.3841209412e+00,-1.2186383009e+00,-4.3467456055e+03,1.1477351189e+00,2.8858837485e-01,4.1148565625e+05
616,4.4057183266e+00,-3.8300356269e-01,-5.0332871094e+03,1.1304427385e+00,2.2567859292e-01,4.1145743750e+05
617,4.4422883987e+00,3.8200548291e-01,-5.2465024414e+03,1.1271711588e+00,1.4301633835e-01,4.1148475000e+05
618,4.3965797424e+00,1.1266028881e+00,-5.0197612305e+03,1.1145795584e+00,6.9868221879e-02,4.1155775000e+05
619,4.3283591270e+00,1.7823020220e+00,-4.4501904297e+03,1.1126269102e+00,-3.4407060593e-02,4.1165600000e+05
620,4.2600069046e+00,2.7747435570e+00,-3.4762641602e+03,1.1146299839e+00,-1.1052121967e-01,4.1174700000e+05
621,4.4178252220e+00,2.4819178581e+00,-2.4008598633e+03,1.1236151457e+00,-2.0282901824e-01,4.1183203125e+05
622,4.5151910782e+00,2.3256313801e+00,-1.7663171387e+03,1.1335315704e+00,-2.7120432258e-01,4.1190134375e+05
623,4.5717511177e+00,2.0852828026e+00,-1.4246711426e+03,1.1544377804e+00,-3.3217933774e-01,4.1193521875e+05
624,4.5816421509e+00,2.0377974510e+00,-1.2730194092e+03,1.1635478735e+00,-3.8275969028e-01,4.1193562500e+05
