step,vx_12_12,vy_12_12,pressure_12_12,energy
0,4.9999997020e-01,-4.9999997020e-01,0.0000000000e+00,5.7480017090e+02
1,5.0332689285e-01,-5.0574350357e-01,-1.9541997910e+00,6.0539404297e+02
2,5.0316709280e-01,-5.0552618504e-01,2.8476642609e+01,6.0863989258e+02
3,5.0357431173e-01,-5.0604313612e-01,2.8516960144e+01,6.1109564209e+02
4,5.0194501877e-01,-5.0454461575e-01,3.0227560043e+01,6.1287799072e+02
5,5.0016987324e-01,-5.0238823891e-01,2.9081821442e+01,6.1415307617e+02
6,5.0057846308e-01,-5.0150799751e-01,2.7147335052e+01,6.1506207275e+02
7,5.0254535675e-01,-5.0300389528e-01,2.6723031998e+01,6.1564831543e+02
8,5.0445914268e-01,-5.0419354439e-01,2.9090517044e+01,6.1604150391e+02
9,5.0397127867e-01,-5.0280660391e-01,3.0790115356e+01,6.1625415039e+02
10,5.0285851955e-01,-5.0021314621e-01,3.0225385666e+01,6.1634240723e+02
11,5.0362116098e-01,-5.0022304058e-01,2.9057502747e+01,6.1634368896e+02
12,5.0527966022e-01,-5.0189995766e-01,2.9469156265e+01,6.1624517822e+02
13,5.0455963612e-01,-5.0351142883e-01,3.0547859192e+01,6.1609570312e+02
14,5.0265324116e-01,-5.0148582458e-01,3.0672708511e+01,6.1590850830e+02
15,5.0060606003e-01,-4.9896386266e-01,2.9204687119e+01,6.1567999268e+02
16,5.0131636858e-01,-4.9948132038e-01,2.7517457962e+01,6.1542828369e+02
17,5.0442624092e-01,-5.0157707930e-01,2.7208673477e+01,6.1516827393e+02
18,5.0380647182e-01,-5.0117105246e-01,2.7285528183e+01,6.1487915039e+02
19,5.0174599886e-01,-4.9958440661e-01,2.6838842392e+01,6.1459057617e+02
20,5.0129818916e-01,-4.9896141887e-01,2.8027231216e+01,6.1428454590e+02
21,5.0243467093e-01,-4.9989238381e-01,2.7738718033e+01,6.1399090576e+02
22,5.0289827585e-01,-5.0090819597e-01,2.7943675995e+01,6.1367834473e+02
23,5.0254476070e-01,-5.0014734268e-01,2.8027858734e+01,6.1335534668e+02
24,5.0099664927e-01,-4.9863830209e-01,2.9533523560e+01,6.1304425049e+02
25,5.0089973211e-01,-4.9816083908e-01,2.8582088470e+01,6.1272698975e+02
26,5.0129735470e-01,-4.9930986762e-01,2.8889062881e+01,6.1240533447e+02
27,5.0075376034e-01,-4.9893939495e-01,2.9068506241e+01,6.1209576416e+02
28,4.9903413653e-01,-4.9813988805e-01,2.5717952728e+01,6.1177770996e+02
29,4.9942454696e-01,-4.9856108427e-01,2.5626316071e+01,6.1145764160e+02
30,5.0174015760e-01,-4.9903994799e-01,2.7203605652e+01,6.1114080811e+02
31,5.0241535902e-01,-4.9760639668e-01,2.7957046509e+01,6.1082049561e+02
32,5.0227320194e-01,-4.9727064371e-01,2.8533384323e+01,6.1050164795e+02
33,5.0214374065e-01,-4.9783894420e-01,2.7840436935e+01,6.1019323730e+02
34,5.0081658363e-01,-4.9771350622e-01,2.6353418350e+01,6.0988275146e+02
35,4.9956053495e-01,-4.9841606617e-01,2.6562133789e+01,6.0956610107e+02
36,4.9860668182e-01,-4.9877896905e-01,2.5949687958e+01,6.0925878906e+02
37,4.9801787734e-01,-4.9765199423e-01,2.6110189438e+01,6.0895440674e+02
38,4.9859711528e-01,-4.9622985721e-01,2.6752172470e+01,6.0864263916e+02
39,5.0089836121e-01,-4.9645796418e-01,2.7160270691e+01,6.0833612061e+02
40,5.0144678354e-01,-4.9680894613e-01,2.6501893997e+01,6.0803503418e+02
41,5.0068527460e-01,-4.9634400010e-01,2.7985519409e+01,6.0773242188e+02
42,4.9917471409e-01,-4.9601256847e-01,2.6093324661e+01,6.0742785645e+02
43,4.9826571345e-01,-4.9520123005e-01,2.6850746155e+01,6.0712646484e+02
44,4.9834832549e-01,-4.9596723914e-01,2.5564157486e+01,6.0683093262e+02
45,4.9960553646e-01,-4.9759498239e-01,2.7350484848e+01,6.0652429199e+02
46,4.9908366799e-01,-4.9656111002e-01,2.8052631378e+01,6.0623364258e+02
47,4.9653825164e-01,-4.9413025379e-01,2.5304033279e+01,6.0593493652e+02
48,4.9600026011e-01,-4.9447089434e-01,2.3917732239e+01,6.0563824463e+02
49,4.9866116047e-01,-4.9620288610e-01,2.4731483459e+01,6.0534344482e+02
50,4.9949184060e-01,-4.9703556299e-01,2.5274911880e+01,6.0504583740e+02
51,4.9728143215e-01,-4.9650490284e-01,2.6348371506e+01,6.0475061035e+02
52,4.9626910686e-01,-4.9496382475e-01,2.6063899994e+01,6.0445385742e+02
53,4.9716749787e-01,-4.9555772543e-01,2.4614938736e+01,6.0416259766e+02
54,4.9815142155e-01,-4.9642482400e-01,2.6602188110e+01,6.0386230469e+02
55,4.9823811650e-01,-4.9717125297e-01,2.7081607819e+01,6.0356512451e+02
56,4.9675911665e-01,-4.9481824040e-01,2.5189926147e+01,6.0327532959e+02
57,4.9568307400e-01,-4.9206614494e-01,2.5372995377e+01,6.0297985840e+02
58,4.9857237935e-01,-4.9360284209e-01,2.6420667648e+01,6.0267895508e+02
59,5.0078821182e-01,-4.9652639031e-01,2.4665220261e+01,6.0239178467e+02
60,4.9889394641e-01,-4.9558261037e-01,2.3664577484e+01,6.0209411621e+02
61,4.9752902985e-01,-4.9445304275e-01,2.5094627380e+01,6.0180523682e+02
62,4.9904200435e-01,-4.9651542306e-01,2.5165788651e+01,6.0151116943e+02
63,4.9843508005e-01,-4.9699258804e-01,2.4095731735e+01,6.0121502686e+02
64,4.9594104290e-01,-4.9338209629e-01,2.5502151489e+01,6.0092474365e+02
65,4.9559873343e-01,-4.9151730537e-01,2.4866088867e+01,6.0063104248e+02
66,4.9902775884e-01,-4.9427700043e-01,2.3037675858e+01,6.0033276367e+02
67,5.0083225965e-01,-4.9617949128e-01,2.4478504181e+01,6.0003088379e+02
68,4.9937117100e-01,-4.9457499385e-01,2.4534757614e+01,5.9973724365e+02
69,4.9743896723e-01,-4.9295365810e-01,2.4758949280e+01,5.9944183350e+02
70,4.9754464626e-01,-4.9164453149e-01,2.5051366806e+01,5.9915332031e+02
71,4.9848350883e-01,-4.9182778597e-01,2.4073019028e+01,5.9885827637e+02
72,4.9874660373e-01,-4.9292385578e-01,2.2828636169e+01,5.9856567383e+02
73,4.9895298481e-01,-4.9327737093e-01,2.4013317108e+01,5.9827191162e+02
74,4.9795979261e-01,-4.9334004521e-01,2.3611654282e+01,5.9798504639e+02
75,4.9727597833e-01,-4.9221768975e-01,2.5127529144e+01,5.9769311523e+02
76,4.9688366055e-01,-4.9191316962e-01,2.5088287354e+01,5.9739746094e+02
77,4.9765995145e-01,-4.9168601632e-01,2.4570468903e+01,5.9710449219e+02
78,4.9739393592e-01,-4.9149945378e-01,2.3874958038e+01,5.9681158447e+02
79,4.9798899889e-01,-4.9243038893e-01,2.3467264175e+01,5.9652844238e+02
80,4.9928238988e-01,-4.9444308877e-01,2.1732103348e+01,5.9623773193e+02
81,4.9973049760e-01,-4.9320012331e-01,2.3012046814e+01,5.9594635010e+02
82,4.9863207340e-01,-4.9162957072e-01,2.3869749069e+01,5.9565222168e+02
83,4.9893832207e-01,-4.9262067676e-01,2.2501626968e+01,5.9536022949e+02
84,5.0026530027e-01,-4.9389937520e-01,2.4480195999e+01,5.9507012939e+02
85,4.9899989367e-01,-4.9236014485e-01,2.3113649368e+01,5.9478369141e+02
86,4.9665096402e-01,-4.8983395100e-01,2.3018016815e+01,5.9449536133e+02
87,4.9748528004e-01,-4.8904737830e-01,2.4489377975e+01,5.9421112061e+02
88,4.9984070659e-01,-4.9059861898e-01,2.1586784363e+01,5.9391656494e+02
89,5.0057584047e-01,-4.9160924554e-01,2.2015048981e+01,5.9364392090e+02
90,4.9813631177e-01,-4.9167504907e-01,2.0753711700e+01,5.9335919189e+02
91,4.9609079957e-01,-4.9038788676e-01,2.1744056702e+01,5.9307653809e+02
92,4.9567818642e-01,-4.8883339763e-01,2.3373403549e+01,5.9279693604e+02
93,4.9679550529e-01,-4.8889970779e-01,2.2422130585e+01,5.9251312256e+02
94,4.9836510420e-01,-4.8949307203e-01,2.2729093552e+01,5.9223809814e+02
95,4.9874991179e-01,-4.8779222369e-01,2.2082620621e+01,5.9195593262e+02
96,4.9829125404e-01,-4.8520722985e-01,2.2172269821e+01,5.9167327881e+02
97,4.9918729067e-01,-4.8590058088e-01,2.0517219543e+01,5.9139691162e+02
98,4.9947291613e-01,-4.8641237617e-01,1.9800523758e+01,5.9111352539e+02
99,4.9810570478e-01,-4.8607197404e-01,2.0640604019e+01,5.9083978271e+02
100,4.9651333690e-01,-4.8577877879e-01,2.0164245605e+01,5.9055975342e+02
101,4.9641200900e-01,-4.8647218943e-01,2.0378108978e+01,5.9027325439e+02
102,4.9717473984e-01,-4.8726928234e-01,2.1393341064e+01,5.8999981689e+02
103,4.9733063579e-01,-4.8656114936e-01,2.1373973846e+01,5.8972021484e+02
104,4.9560821056e-01,-4.8509556055e-01,2.1394958496e+01,5.8944311523e+02
105,4.9488490820e-01,-4.8497971892e-01,2.1233301163e+01,5.8916625977e+02
106,4.9575412273e-01,-4.8639613390e-01,1.9248353958e+01,5.8888580322e+02
107,4.9631586671e-01,-4.8673838377e-01,1.9517953873e+01,5.8861914062e+02
108,4.9527621269e-01,-4.8673507571e-01,1.8416782379e+01,5.8834661865e+02
109,4.9461406469e-01,-4.8748868704e-01,1.9248613358e+01,5.8807031250e+02
110,4.9547472596e-01,-4.8774948716e-01,2.0960336685e+01,5.8779119873e+02
111,4.9456915259e-01,-4.8518222570e-01,1.9810482025e+01,5.8751892090e+02
112,4.9237057567e-01,-4.8269772530e-01,1.8751846313e+01,5.8724835205e+02
113,4.9387934804e-01,-4.8304060102e-01,1.8364606857e+01,5.8697760010e+02
114,4.9713909626e-01,-4.8580357432e-01,2.1027647018e+01,5.8670880127e+02
115,4.9667483568e-01,-4.8762851954e-01,1.8821849823e+01,5.8643414307e+02
116,4.9339595437e-01,-4.8551487923e-01,1.8162755966e+01,5.8616082764e+02
117,4.9185353518e-01,-4.8455667496e-01,1.9709594727e+01,5.8589215088e+02
118,4.9310383201e-01,-4.8485890031e-01,1.7853834152e+01,5.8562048340e+02
119,4.9293228984e-01,-4.8521146178e-01,1.8340873718e+01,5.8534692383e+02
120,4.9302208424e-01,-4.8483100533e-01,1.8741769791e+01,5.8507519531e+02
121,4.9254599214e-01,-4.8440891504e-01,1.8234863281e+01,5.8480755615e+02
122,4.9215662479e-01,-4.8301661015e-01,1.6767412186e+01,5.8453631592e+02
123,4.9209645391e-01,-4.8277595639e-01,1.8380834579e+01,5.8426159668e+02
124,4.9265140295e-01,-4.8306486011e-01,1.8020074844e+01,5.8399237061e+02
125,4.9211668968e-01,-4.8462083936e-01,1.7220043182e+01,5.8372198486e+02
126,4.9214512110e-01,-4.8501977324e-01,1.8329681396e+01,5.8345056152e+02
127,4.9140760303e-01,-4.8532542586e-01,1.7214023590e+01,5.8318261719e+02
128,4.9071735144e-01,-4.8551255465e-01,1.7929725647e+01,5.8290881348e+02
129,4.9038767815e-01,-4.8433640599e-01,1.7672885895e+01,5.8263098145e+02
130,4.9021381140e-01,-4.8307353258e-01,1.9372211456e+01,5.8236065674e+02
131,4.9023282528e-01,-4.8258054256e-01,1.6701066971e+01,5.8208972168e+02
132,4.9095025659e-01,-4.8191609979e-01,1.6487449646e+01,5.8181494141e+02
133,4.9102586508e-01,-4.8370569944e-01,1.6752386093e+01,5.8153680420e+02
134,4.9141135812e-01,-4.8532885313e-01,1.6659553528e+01,5.8126965332e+02
135,4.9031665921e-01,-4.8525080085e-01,1.6929988861e+01,5.8099859619e+02
136,4.8900881410e-01,-4.8505994678e-01,1.7341138840e+01,5.8072680664e+02
137,4.8805865645e-01,-4.8512744904e-01,1.5357692719e+01,5.8045617676e+02
138,4.8777920008e-01,-4.8468384147e-01,1.7843553543e+01,5.8018048096e+02
139,4.8787581921e-01,-4.8266872764e-01,1.7283243179e+01,5.7991119385e+02
140,4.8771917820e-01,-4.8255774379e-01,1.7896810532e+01,5.7963616943e+02
141,4.8978847265e-01,-4.8478579521e-01,1.5719312668e+01,5.7936511230e+02
142,4.8994767666e-01,-4.8594209552e-01,1.5249069214e+01,5.7908526611e+02
143,4.8851561546e-01,-4.8414903879e-01,1.8097772598e+01,5.7881451416e+02
144,4.8791989684e-01,-4.8326557875e-01,1.5487275124e+01,5.7854040527e+02
145,4.8803657293e-01,-4.8253211379e-01,1.5839246750e+01,5.7826330566e+02
146,4.8909333348e-01,-4.8343399167e-01,1.5746637344e+01,5.7798400879e+02
147,4.8853191733e-01,-4.8399963975e-01,1.4124371529e+01,5.7770898438e+02
148,4.8734417558e-01,-4.8422104120e-01,1.4035125732e+01,5.7743548584e+02
149,4.8759403825e-01,-4.8330795765e-01,1.7006355286e+01,5.7716021729e+02
150,4.8698377609e-01,-4.8304748535e-01,1.6466142654e+01,5.7688555908e+02
151,4.8681345582e-01,-4.8249849677e-01,1.5722290039e+01,5.7660668945e+02
152,4.8732793331e-01,-4.8282307386e-01,1.5925206184e+01,5.7633721924e+02
153,4.8747330904e-01,-4.8317444324e-01,1.4927451134e+01,5.7606323242e+02
154,4.8589342833e-01,-4.8358219862e-01,1.4317773819e+01,5.7578753662e+02
155,4.8516121507e-01,-4.8275813460e-01,1.4393348694e+01,5.7551208496e+02
156,4.8534643650e-01,-4.8218733072e-01,1.5647930145e+01,5.7524658203e+02
157,4.8627415299e-01,-4.8355132341e-01,1.4502832413e+01,5.7497308350e+02
158,4.8575577140e-01,-4.8436459899e-01,1.5117877960e+01,5.7469805908e+02
159,4.8566508293e-01,-4.8315697908e-01,1.4964895248e+01,5.7442761230e+02
160,4.8552265763e-01,-4.8163509369e-01,1.6673284531e+01,5.7415264893e+02
161,4.8723861575e-01,-4.8285251856e-01,1.6014608383e+01,5.7387884521e+02
162,4.8824217916e-01,-4.8502901196e-01,1.4456819534e+01,5.7360522461e+02
163,4.8663324118e-01,-4.8364213109e-01,1.3897085190e+01,5.7333343506e+02
164,4.8375099897e-01,-4.8231410980e-01,1.3920655251e+01,5.7305767822e+02
165,4.8419374228e-01,-4.8406520486e-01,1.3600603104e+01,5.7278710938e+02
166,4.8676916957e-01,-4.8547264934e-01,1.4316434860e+01,5.7251898193e+02
167,4.8615869880e-01,-4.8395353556e-01,1.4654466629e+01,5.7224481201e+02
168,4.8472467065e-01,-4.8289492726e-01,1.4093523026e+01,5.7196972656e+02
169,4.8576903343e-01,-4.8312541842e-01,1.4139332771e+01,5.7169714355e+02
170,4.8607301712e-01,-4.8256596923e-01,1.3541068077e+01,5.7143054199e+02
171,4.8457357287e-01,-4.8149666190e-01,1.2730284691e+01,5.7116729736e+02
172,4.8449951410e-01,-4.8112630844e-01,1.4310131073e+01,5.7089453125e+02
173,4.8679280281e-01,-4.8185268044e-01,1.4202904701e+01,5.7062487793e+02
174,4.8740521073e-01,-4.8154282570e-01,1.3759531021e+01,5.7035479736e+02
175,4.8591968417e-01,-4.8036396503e-01,1.2421731949e+01,5.7008715820e+02
176,4.8416146636e-01,-4.7978585958e-01,1.3163555145e+01,5.6981610107e+02
177,4.8471429944e-01,-4.8106235266e-01,1.2990349770e+01,5.6955310059e+02
178,4.8553529382e-01,-4.8289719224e-01,1.3490618706e+01,5.6928668213e+02
179,4.8618543148e-01,-4.8247212172e-01,1.3614200592e+01,5.6901501465e+02
180,4.8547253013e-01,-4.8181974888e-01,1.2911501884e+01,5.6874694824e+02
181,4.8531785607e-01,-4.8118406534e-01,1.3350105286e+01,5.6848474121e+02
182,4.8595201969e-01,-4.8069235682e-01,1.4624738693e+01,5.6821502686e+02
183,4.8526862264e-01,-4.7923102975e-01,1.2695947647e+01,5.6794683838e+02
184,4.8410239816e-01,-4.7809308767e-01,1.1100997925e+01,5.6768341064e+02
185,4.8435208201e-01,-4.7787573934e-01,1.2693530083e+01,5.6741656494e+02
186,4.8475408554e-01,-4.7927668691e-01,1.1879719734e+01,5.6715478516e+02
187,4.8553404212e-01,-4.8000904918e-01,1.1962606430e+01,5.6689263916e+02
188,4.8373883963e-01,-4.7956311703e-01,1.2178695679e+01,5.6662719727e+02
189,4.8215410113e-01,-4.8019322753e-01,1.2190019608e+01,5.6636535645e+02
190,4.8181173205e-01,-4.8202925920e-01,1.2351860046e+01,5.6610125732e+02
191,4.8171064258e-01,-4.8122903705e-01,1.1743505478e+01,5.6583239746e+02
192,4.8053637147e-01,-4.7922310233e-01,1.2021573067e+01,5.6557293701e+02
193,4.8212334514e-01,-4.7980070114e-01,1.3985412598e+01,5.6530657959e+02
194,4.8513618112e-01,-4.8264616728e-01,1.2824352264e+01,5.6504827881e+02
195,4.8430567980e-01,-4.8245427012e-01,1.2066928864e+01,5.6478320312e+02
196,4.8057907820e-01,-4.7816032171e-01,1.1708277702e+01,5.6452514648e+02
197,4.7946256399e-01,-4.7536337376e-01,1.0536171913e+01,5.6425738525e+02
198,4.8186594248e-01,-4.7590357065e-01,1.0941069603e+01,5.6399951172e+02
199,4.8450407386e-01,-4.7849270701e-01,1.2563977242e+01,5.6374188232e+02
200,4.8441720009e-01,-4.7895151377e-01,1.1498424530e+01,5.6347424316e+02
201,4.8148703575e-01,-4.7735279799e-01,1.2207185745e+01,5.6321069336e+02
202,4.8053783178e-01,-4.7763288021e-01,1.2736618042e+01,5.6294897461e+02
203,4.8058560491e-01,-4.7843086720e-01,1.1046538353e+01,5.6268151855e+02
204,4.8012199998e-01,-4.7794973850e-01,1.0981814384e+01,5.6242565918e+02
205,4.7964653373e-01,-4.7681578994e-01,1.1870287895e+01,5.6216137695e+02
206,4.8027104139e-01,-4.7644147277e-01,1.1370848656e+01,5.6190167236e+02
207,4.8267692327e-01,-4.7804182768e-01,1.3239505768e+01,5.6164440918e+02
208,4.8249512911e-01,-4.7957062721e-01,1.1233439445e+01,5.6137664795e+02
209,4.7960710526e-01,-4.7867521644e-01,1.1477000237e+01,5.6111578369e+02
210,4.7672969103e-01,-4.7787097096e-01,1.0060947418e+01,5.6085992432e+02
211,4.7800019383e-01,-4.7736382484e-01,1.1821594238e+01,5.6059124756e+02
212,4.7973412275e-01,-4.7698512673e-01,1.0948022842e+01,5.6033666992e+02
213,4.7985473275e-01,-4.7654038668e-01,1.0077177048e+01,5.6007141113e+02
214,4.7944888473e-01,-4.7664368153e-01,1.1150157928e+01,5.5980889893e+02
215,4.7796869278e-01,-4.7687646747e-01,1.1765135765e+01,5.5954956055e+02
216,4.7648644447e-01,-4.7563377023e-01,1.2202869415e+01,5.5928961182e+02
217,4.7588995099e-01,-4.7403851151e-01,1.2182535172e+01,5.5902758789e+02
218,4.7708362341e-01,-4.7441056371e-01,1.0981643677e+01,5.5876776123e+02
219,4.7935783863e-01,-4.7505572438e-01,1.1116194725e+01,5.5850952148e+02
220,4.7954225540e-01,-4.7532746196e-01,9.3770112991e+00,5.5824816895e+02
221,4.7715732455e-01,-4.7580274940e-01,9.7059087753e+00,5.5798901367e+02
222,4.7559383512e-01,-4.7425135970e-01,1.0641147614e+01,5.5773492432e+02
223,4.7525638342e-01,-4.7311013937e-01,1.2555395126e+01,5.5747546387e+02
224,4.7652432323e-01,-4.7510933876e-01,1.0512142181e+01,5.5722137451e+02
225,4.7866934538e-01,-4.7714525461e-01,1.1536469460e+01,5.5696435547e+02
226,4.7761064768e-01,-4.7667562962e-01,9.6511774063e+00,5.5671173096e+02
227,4.7509139776e-01,-4.7583168745e-01,1.1125317574e+01,5.5645916748e+02
228,4.7429862618e-01,-4.7658994794e-01,1.0269080162e+01,5.5620245361e+02
229,4.7460690141e-01,-4.7611257434e-01,1.0764542580e+01,5.5594909668e+02
230,4.7486656904e-01,-4.7511109710e-01,1.0879270554e+01,5.5570220947e+02
231,4.7435748577e-01,-4.7379860282e-01,1.0200619698e+01,5.5545062256e+02
232,4.7595521808e-01,-4.7418069839e-01,1.2481403351e+01,5.5519952393e+02
233,4.7756370902e-01,-4.7571143508e-01,1.2598373413e+01,5.5494714355e+02
234,4.7662964463e-01,-4.7473046184e-01,1.0273586273e+01,5.5470135498e+02
235,4.7394973040e-01,-4.7338750958e-01,9.9899930954e+00,5.5445532227e+02
236,4.7391378880e-01,-4.7374930978e-01,1.0934458733e+01,5.5420916748e+02
237,4.7564795613e-01,-4.7595790029e-01,1.1396460533e+01,5.5395812988e+02
238,4.7477698326e-01,-4.7678461671e-01,1.0477565765e+01,5.5370971680e+02
239,4.7147291899e-01,-4.7489550710e-01,1.0011520386e+01,5.5346734619e+02
240,4.7108983994e-01,-4.7377139330e-01,1.1757436752e+01,5.5322271729e+02
241,4.7312015295e-01,-4.7492387891e-01,1.0478147507e+01,5.5297363281e+02
242,4.7380036116e-01,-4.7502246499e-01,1.0918495178e+01,5.5273114014e+02
243,4.7240334749e-01,-4.7331085801e-01,1.0774234772e+01,5.5249530029e+02
244,4.7241961956e-01,-4.7235393524e-01,1.1033330917e+01,5.5224829102e+02
245,4.7468453646e-01,-4.7431591153e-01,1.1135790825e+01,5.5200378418e+02
246,4.7593414783e-01,-4.7744458914e-01,1.1108600616e+01,5.5176757812e+02
247,4.7396445274e-01,-4.7712251544e-01,9.9504051208e+00,5.5152954102e+02
248,4.7053962946e-01,-4.7380369902e-01,1.0548988342e+01,5.5129150391e+02
249,4.6990871429e-01,-4.7118601203e-01,1.1860888481e+01,5.5104888916e+02
250,4.7034716606e-01,-4.6988400817e-01,1.0821463585e+01,5.5081115723e+02
251,4.7184288502e-01,-4.7073605657e-01,1.0942456245e+01,5.5057891846e+02
252,4.7249823809e-01,-4.7329476476e-01,1.1477209091e+01,5.5033770752e+02
253,4.7208943963e-01,-4.7395110130e-01,1.0867629051e+01,5.5009960938e+02
254,4.6964401007e-01,-4.7405850887e-01,1.0746872902e+01,5.4986511230e+02
255,4.6868491173e-01,-4.7344857454e-01,1.1214473724e+01,5.4963000488e+02
256,4.6923196316e-01,-4.7302320600e-01,1.1512663841e+01,5.4939178467e+02
257,4.6971213818e-01,-4.7335055470e-01,1.0874578476e+01,5.4916320801e+02
258,4.7021681070e-01,-4.7445970774e-01,9.9606885910e+00,5.4892718506e+02
259,4.6944108605e-01,-4.7435009480e-01,1.1353060722e+01,5.4869860840e+02
260,4.6829286218e-01,-4.7234740853e-01,1.2122390747e+01,5.4846484375e+02
261,4.6776577830e-01,-4.7175145149e-01,1.3064788818e+01,5.4823437500e+02
262,4.6789386868e-01,-4.7223404050e-01,1.1810171127e+01,5.4800781250e+02
263,4.6847340465e-01,-4.7171044350e-01,1.1384919167e+01,5.4777349854e+02
264,4.6835041046e-01,-4.7115412354e-01,1.0129352570e+01,5.4754504395e+02
265,4.6844661236e-01,-4.7150927782e-01,1.0447984695e+01,5.4732171631e+02
266,4.6903654933e-01,-4.7224122286e-01,1.1287436485e+01,5.4708062744e+02
267,4.6946418285e-01,-4.7315686941e-01,1.1025385857e+01,5.4685034180e+02
268,4.6869352460e-01,-4.7368833423e-01,1.0826478004e+01,5.4662646484e+02
269,4.6749034524e-01,-4.7372189164e-01,1.1203054428e+01,5.4639459229e+02
270,4.6683409810e-01,-4.7317185998e-01,1.1559971809e+01,5.4616198730e+02
271,4.6639615297e-01,-4.7163853049e-01,1.1298631668e+01,5.4593402100e+02
272,4.6637460589e-01,-4.6995761991e-01,1.1943474770e+01,5.4570239258e+02
273,4.6686336398e-01,-4.6913847327e-01,1.0766225815e+01,5.4546374512e+02
274,4.6814450622e-01,-4.6946504712e-01,1.1005603790e+01,5.4523339844e+02
275,4.6881052852e-01,-4.7050574422e-01,1.1011023521e+01,5.4500360107e+02
276,4.6778967977e-01,-4.7071364522e-01,1.1316311836e+01,5.4477838135e+02
277,4.6681389213e-01,-4.7150945663e-01,1.2253096581e+01,5.4453912354e+02
278,4.6631854773e-01,-4.7368690372e-01,1.1906073570e+01,5.4430792236e+02
279,4.6585381031e-01,-4.7329303622e-01,1.0436232567e+01,5.4406903076e+02
280,4.6554210782e-01,-4.7178867459e-01,1.0974066734e+01,5.4383782959e+02
281,4.6607428789e-01,-4.7115471959e-01,1.0708753586e+01,5.4360400391e+02
282,4.6692886949e-01,-4.7089380026e-01,1.3310360909e+01,5.4336846924e+02
283,4.6595537663e-01,-4.6954965591e-01,1.1544504166e+01,5.4313696289e+02
284,4.6445164084e-01,-4.6938449144e-01,1.1446780205e+01,5.4290612793e+02
285,4.6477654576e-01,-4.7044277191e-01,1.1562784195e+01,5.4267095947e+02
286,4.6573284268e-01,-4.7151872516e-01,1.1259313583e+01,5.4243402100e+02
287,4.6611747146e-01,-4.7093772888e-01,1.0189371109e+01,5.4220245361e+02
288,4.6607175469e-01,-4.7018793225e-01,1.1573850632e+01,5.4196618652e+02
289,4.6685549617e-01,-4.6934938431e-01,1.3078402519e+01,5.4173431396e+02
290,4.6671751142e-01,-4.6896749735e-01,1.0832464218e+01,5.4149951172e+02
291,4.6572196484e-01,-4.6971499920e-01,1.0882492065e+01,5.4126605225e+02
292,4.6490666270e-01,-4.7149330378e-01,1.1243464470e+01,5.4102746582e+02
293,4.6386516094e-01,-4.7150945663e-01,1.2220738411e+01,5.4079193115e+02
294,4.6245998144e-01,-4.6967583895e-01,1.2296735764e+01,5.4055493164e+02
295,4.6175265312e-01,-4.6706232429e-01,1.2119071007e+01,5.4032153320e+02
296,4.6368467808e-01,-4.6574723721e-01,1.2239274979e+01,5.4008856201e+02
297,4.6582067013e-01,-4.6667370200e-01,1.1934503555e+01,5.3985711670e+02
298,4.6627777815e-01,-4.6833977103e-01,1.2414367676e+01,5.3961889648e+02
299,4.6440455317e-01,-4.6900156140e-01,1.2088947296e+01,5.3938269043e+02
300,4.6244478226e-01,-4.6857059002e-01,1.1112059593e+01,5.3914666748e+02
301,4.6193009615e-01,-4.6792992949e-01,1.1249889374e+01,5.3891271973e+02
302,4.6228578687e-01,-4.6672609448e-01,1.2280001640e+01,5.3867962646e+02
303,4.6331813931e-01,-4.6620047092e-01,1.2574484825e+01,5.3844140625e+02
304,4.6437627077e-01,-4.6720582247e-01,1.1941889763e+01,5.3820623779e+02
305,4.6393805742e-01,-4.6704337001e-01,1.2270578384e+01,5.3796844482e+02
306,4.6312445402e-01,-4.6627530456e-01,1.2890541077e+01,5.3772900391e+02
307,4.6244823933e-01,-4.6575477719e-01,1.2158194542e+01,5.3749597168e+02
308,4.6240779757e-01,-4.6648254991e-01,1.2256766319e+01,5.3726354980e+02
309,4.6398797631e-01,-4.6854972839e-01,1.2179539680e+01,5.3702209473e+02
310,4.6437823772e-01,-4.6987670660e-01,1.2288375854e+01,5.3678857422e+02
311,4.6321049333e-01,-4.6920952201e-01,1.1986638069e+01,5.3655615234e+02
312,4.6156504750e-01,-4.6639609337e-01,1.1934274673e+01,5.3632495117e+02
313,4.6107304096e-01,-4.6553662419e-01,1.2898588181e+01,5.3608856201e+02
314,4.6161442995e-01,-4.6577829123e-01,1.1338132858e+01,5.3585229492e+02
315,4.6277558804e-01,-4.6698695421e-01,1.2022222519e+01,5.3561572266e+02
316,4.6226629615e-01,-4.6783977747e-01,1.3323034286e+01,5.3538037109e+02
317,4.6003481746e-01,-4.6678051353e-01,1.2880851746e+01,5.3514569092e+02
318,4.5946803689e-01,-4.6487525105e-01,1.2563549995e+01,5.3491217041e+02
319,4.6047642827e-01,-4.6448388696e-01,1.1706170082e+01,5.3467950439e+02
320,4.6169906855e-01,-4.6683919430e-01,1.1857237816e+01,5.3444006348e+02
321,4.6176898479e-01,-4.6869856119e-01,1.2030012131e+01,5.3420605469e+02
322,4.5978957415e-01,-4.6784740686e-01,1.2702133179e+01,5.3397149658e+02
323,4.5805510879e-01,-4.6652916074e-01,1.2429616928e+01,5.3373681641e+02
324,4.5895826817e-01,-4.6717286110e-01,1.1946212769e+01,5.3350122070e+02
325,4.6049648523e-01,-4.6733772755e-01,1.2831315041e+01,5.3326019287e+02
326,4.5932281017e-01,-4.6511995792e-01,1.2290515900e+01,5.3302478027e+02
327,4.5774003863e-01,-4.6176144481e-01,1.4372627258e+01,5.3278955078e+02
328,4.5801967382e-01,-4.6114942431e-01,1.2730054855e+01,5.3255908203e+02
329,4.6031683683e-01,-4.6201142669e-01,1.2797108650e+01,5.3232592773e+02
330,4.6190425754e-01,-4.6507430077e-01,1.2013175011e+01,5.3209368896e+02
331,4.6179467440e-01,-4.6761149168e-01,1.3334577560e+01,5.3185699463e+02
332,4.5963248610e-01,-4.6815606952e-01,1.2940229416e+01,5.3162322998e+02
333,4.5738571882e-01,-4.6624034643e-01,1.4809806824e+01,5.3139001465e+02
334,4.5621672273e-01,-4.6360921860e-01,1.3472496033e+01,5.3115899658e+02
335,4.5803058147e-01,-4.6262156963e-01,1.4294928551e+01,5.3091955566e+02
336,4.5976495743e-01,-4.6155589819e-01,1.1269007683e+01,5.3069299316e+02
337,4.6007579565e-01,-4.6051827073e-01,1.2168503761e+01,5.3045916748e+02
338,4.5978596807e-01,-4.6145373583e-01,1.3014485359e+01,5.3021997070e+02
339,4.5954486728e-01,-4.6343281865e-01,1.2426283836e+01,5.2998950195e+02
340,4.5821142197e-01,-4.6271330118e-01,1.4183216095e+01,5.2976177979e+02
341,4.5612284541e-01,-4.6118828654e-01,1.2658996582e+01,5.2953009033e+02
342,4.5571911335e-01,-4.6081429720e-01,1.4229794502e+01,5.2929956055e+02
343,4.5746597648e-01,-4.6262025833e-01,1.2721552849e+01,5.2907104492e+02
344,4.5950961113e-01,-4.6401053667e-01,1.4186977386e+01,5.2883093262e+02
345,4.5806524158e-01,-4.6327075362e-01,1.3894163132e+01,5.2860308838e+02
346,4.5595261455e-01,-4.6093428135e-01,1.4109318733e+01,5.2837005615e+02
347,4.5598646998e-01,-4.5894843340e-01,1.3164532661e+01,5.2814172363e+02
348,4.5739236474e-01,-4.5874950290e-01,1.3101238251e+01,5.2791003418e+02
349,4.5771634579e-01,-4.5981171727e-01,1.2469656944e+01,5.2768280029e+02
350,4.5780673623e-01,-4.6144112945e-01,1.3736336708e+01,5.2745208740e+02
351,4.5690360665e-01,-4.6381276846e-01,1.2445937157e+01,5.2722595215e+02
352,4.5522025228e-01,-4.6414715052e-01,1.3744367599e+01,5.2700061035e+02
353,4.5319864154e-01,-4.6182966232e-01,1.3955326080e+01,5.2677325439e+02
354,4.5300960541e-01,-4.5973521471e-01,1.4169400215e+01,5.2654394531e+02
355,4.5434588194e-01,-4.6003293991e-01,1.4654295921e+01,5.2631884766e+02
356,4.5631843805e-01,-4.6176591516e-01,1.5466216087e+01,5.2609417725e+02
357,4.5741102099e-01,-4.6304601431e-01,1.3710588455e+01,5.2586962891e+02
358,4.5697727799e-01,-4.6318468451e-01,1.3236889839e+01,5.2564556885e+02
359,4.5630258322e-01,-4.6287074685e-01,1.3526110649e+01,5.2542541504e+02
360,4.5636859536e-01,-4.6275404096e-01,1.3488423347e+01,5.2520507812e+02
361,4.5670786500e-01,-4.6125668287e-01,1.4961874008e+01,5.2498059082e+02
362,4.5716834068e-01,-4.5966064930e-01,1.4508734703e+01,5.2475817871e+02
363,4.5606842637e-01,-4.5849087834e-01,1.3829160690e+01,5.2454028320e+02
364,4.5556154847e-01,-4.5844712853e-01,1.3611241341e+01,5.2431958008e+02
365,4.5520082116e-01,-4.5797699690e-01,1.5640243530e+01,5.2409503174e+02
366,4.5478332043e-01,-4.5868033171e-01,1.4332250595e+01,5.2388153076e+02
367,4.5450124145e-01,-4.5949620008e-01,1.2274595261e+01,5.2365582275e+02
368,4.5480763912e-01,-4.6023538709e-01,1.2806749344e+01,5.2343530273e+02
369,4.5450702310e-01,-4.5976933837e-01,1.4460024834e+01,5.2321624756e+02
370,4.5419541001e-01,-4.5976796746e-01,1.5368653297e+01,5.2299554443e+02
371,4.5393705368e-01,-4.5965999365e-01,1.4668521881e+01,5.2277429199e+02
372,4.5428061485e-01,-4.5911425352e-01,1.5007013321e+01,5.2255316162e+02
373,4.5432484150e-01,-4.5943221450e-01,1.3772419930e+01,5.2233520508e+02
374,4.5394921303e-01,-4.5887723565e-01,1.4347887039e+01,5.2211285400e+02
375,4.5272335410e-01,-4.5885246992e-01,1.3290891647e+01,5.2189910889e+02
376,4.5178830624e-01,-4.5738655329e-01,1.5602052689e+01,5.2167718506e+02
377,4.5151990652e-01,-4.5612132549e-01,1.5567625999e+01,5.2145666504e+02
378,4.5299008489e-01,-4.5817351341e-01,1.5058736801e+01,5.2123364258e+02
379,4.5482441783e-01,-4.6227326989e-01,1.3770966530e+01,5.2102050781e+02
380,4.5476356149e-01,-4.6316024661e-01,1.3298604012e+01,5.2080236816e+02
381,4.5215067267e-01,-4.6110409498e-01,1.4233150482e+01,5.2058221436e+02
382,4.5050972700e-01,-4.5790982246e-01,1.5634185791e+01,5.2036364746e+02
383,4.5119309425e-01,-4.5586961508e-01,1.6284034729e+01,5.2014794922e+02
384,4.5321246982e-01,-4.5594823360e-01,1.5487585068e+01,5.1993341064e+02
385,4.5360603929e-01,-4.5685341954e-01,1.3998376846e+01,5.1972021484e+02
386,4.5321017504e-01,-4.5742100477e-01,1.4112939835e+01,5.1950750732e+02
387,4.5244064927e-01,-4.5728394389e-01,1.4239544868e+01,5.1928747559e+02
388,4.5246937871e-01,-4.5666188002e-01,1.4765990257e+01,5.1907232666e+02
389,4.5298424363e-01,-4.5576873422e-01,1.4747787476e+01,5.1886090088e+02
390,4.5375066996e-01,-4.5638459921e-01,1.4369082451e+01,5.1865570068e+02
391,4.5395851135e-01,-4.5803475380e-01,1.6746925354e+01,5.1844348145e+02
392,4.5284551382e-01,-4.5938456059e-01,1.5951656342e+01,5.1822656250e+02
393,4.5106983185e-01,-4.6051663160e-01,1.5267737389e+01,5.1801165771e+02
394,4.5059925318e-01,-4.5986595750e-01,1.4768751144e+01,5.1779852295e+02
395,4.5068791509e-01,-4.5813179016e-01,1.4712124825e+01,5.1758612061e+02
396,4.5165970922e-01,-4.5568695664e-01,1.5250586510e+01,5.1737713623e+02
397,4.5272067189e-01,-4.5367717743e-01,1.5419373512e+01,5.1716424561e+02
398,4.5363432169e-01,-4.5312955976e-01,1.5121431351e+01,5.1694854736e+02
399,4.5455479622e-01,-4.5409572124e-01,1.6319181442e+01,5.1673352051e+02
400,4.5372113585e-01,-4.5400610566e-01,1.5232507706e+01,5.1652447510e+02
401,4.5206427574e-01,-4.5267739892e-01,1.5263648033e+01,5.1631378174e+02
402,4.5151230693e-01,-4.5393630862e-01,1.5046397209e+01,5.1610766602e+02
403,4.5373564959e-01,-4.5630589128e-01,1.4654069901e+01,5.1589556885e+02
404,4.5388740301e-01,-4.5784536004e-01,1.4642351151e+01,5.1568572998e+02
405,4.5184814930e-01,-4.5741769671e-01,1.5776062012e+01,5.1548120117e+02
406,4.4996225834e-01,-4.5676156878e-01,1.5686051369e+01,5.1526574707e+02
407,4.5036774874e-01,-4.5737797022e-01,1.7640787125e+01,5.1506201172e+02
408,4.5064455271e-01,-4.5764315128e-01,1.5062154770e+01,5.1485302734e+02
409,4.4982588291e-01,-4.5604288578e-01,1.5858222961e+01,5.1464239502e+02
410,4.4926649332e-01,-4.5403903723e-01,1.6123443604e+01,5.1443627930e+02
411,4.4989249110e-01,-4.5183211565e-01,1.5414636612e+01,5.1422509766e+02
412,4.5114743710e-01,-4.5181334019e-01,1.4437360764e+01,5.1402368164e+02
413,4.5246157050e-01,-4.5322677493e-01,1.6124500275e+01,5.1381433105e+02
414,4.5315563679e-01,-4.5538890362e-01,1.5429179192e+01,5.1360900879e+02
415,4.5211064816e-01,-4.5467177033e-01,1.5739643097e+01,5.1339965820e+02
416,4.4974195957e-01,-4.5493224263e-01,1.5141057968e+01,5.1319183350e+02
417,4.4950217009e-01,-4.5466613770e-01,1.6227474213e+01,5.1298901367e+02
418,4.4878077507e-01,-4.5365399122e-01,1.5757875443e+01,5.1277844238e+02
419,4.4808870554e-01,-4.5202097297e-01,1.6606575012e+01,5.1257598877e+02
420,4.4829395413e-01,-4.5278254151e-01,1.5484111786e+01,5.1236816406e+02
421,4.4903057814e-01,-4.5412257314e-01,1.5203671455e+01,5.1216064453e+02
422,4.4920533895e-01,-4.5456278324e-01,1.5407319069e+01,5.1195645142e+02
423,4.4897067547e-01,-4.5440372825e-01,1.5683009148e+01,5.1174731445e+02
424,4.4957360625e-01,-4.5519545674e-01,1.4592570305e+01,5.1154638672e+02
425,4.5063608885e-01,-4.5474770665e-01,1.5992683411e+01,5.1133953857e+02
426,4.5066773891e-01,-4.5294287801e-01,1.5939478874e+01,5.1113232422e+02
427,4.5026624203e-01,-4.5196980238e-01,1.5057176590e+01,5.1093261719e+02
428,4.5054093003e-01,-4.5224580169e-01,1.5999599457e+01,5.1072872925e+02
429,4.5073074102e-01,-4.5271059871e-01,1.6741987228e+01,5.1052288818e+02
430,4.4934445620e-01,-4.5287108421e-01,1.5366538048e+01,5.1032031250e+02
431,4.4793441892e-01,-4.5291024446e-01,1.6103990555e+01,5.1011016846e+02
432,4.4740086794e-01,-4.5283326507e-01,1.3272933006e+01,5.0990298462e+02
433,4.4753995538e-01,-4.5132967830e-01,1.5586507797e+01,5.0969726562e+02
434,4.4837442040e-01,-4.5122438669e-01,1.3803048134e+01,5.0948937988e+02
435,4.4973164797e-01,-4.5216795802e-01,1.5936383247e+01,5.0928857422e+02
436,4.5025375485e-01,-4.5257955790e-01,1.5385999680e+01,5.0908276367e+02
437,4.4913941622e-01,-4.4998002052e-01,1.7130382538e+01,5.0888113403e+02
438,4.4717383385e-01,-4.4880431890e-01,1.5143518448e+01,5.0868029785e+02
439,4.4761741161e-01,-4.5034855604e-01,1.4979097366e+01,5.0847244263e+02
440,4.5014104247e-01,-4.5338645577e-01,1.4855340958e+01,5.0826586914e+02
441,4.5077043772e-01,-4.5431628823e-01,1.6071210861e+01,5.0805947876e+02
442,4.4841849804e-01,-4.5239737630e-01,1.5650069237e+01,5.0786029053e+02
443,4.4694778323e-01,-4.5040050149e-01,1.7014301300e+01,5.0765603638e+02
444,4.4887101650e-01,-4.5072284341e-01,1.7569143295e+01,5.0745007324e+02
445,4.4953134656e-01,-4.5203524828e-01,1.5620980263e+01,5.0724441528e+02
446,4.4847717881e-01,-4.5263776183e-01,1.5094511986e+01,5.0703848267e+02
447,4.4635468721e-01,-4.5095771551e-01,1.3789918900e+01,5.0683139038e+02
448,4.4559755921e-01,-4.4953075051e-01,1.4080276489e+01,5.0662933350e+02
449,4.4712138176e-01,-4.4830977917e-01,1.4210957527e+01,5.0642770386e+02
450,4.4926252961e-01,-4.4798806310e-01,1.5705050468e+01,5.0622012329e+02
451,4.5102056861e-01,-4.4789350033e-01,1.5781102180e+01,5.0600955200e+02
452,4.5096415281e-01,-4.4793203473e-01,1.7001676559e+01,5.0580520630e+02
453,4.5016071200e-01,-4.4908991456e-01,1.6000555038e+01,5.0559664917e+02
454,4.4858142734e-01,-4.5012825727e-01,1.6383352280e+01,5.0538415527e+02
455,4.4684654474e-01,-4.5007240772e-01,1.4887620926e+01,5.0518124390e+02
456,4.4529807568e-01,-4.4985854626e-01,1.5662863731e+01,5.0497540283e+02
457,4.4496431947e-01,-4.4960013032e-01,1.5443798065e+01,5.0476773071e+02
458,4.4563534856e-01,-4.4911360741e-01,1.6336351395e+01,5.0455902100e+02
459,4.4692474604e-01,-4.4924071431e-01,1.5257506371e+01,5.0435870361e+02
460,4.4869849086e-01,-4.4977456331e-01,1.4235358238e+01,5.0415286255e+02
461,4.4929531217e-01,-4.4861891866e-01,1.5369870186e+01,5.0394183350e+02
462,4.4959351420e-01,-4.4759517908e-01,1.5367182732e+01,5.0374114990e+02
463,4.4949278235e-01,-4.4759184122e-01,1.5489134789e+01,5.0353350830e+02
464,4.4964495301e-01,-4.4863334298e-01,1.5823242188e+01,5.0332717896e+02
465,4.4804057479e-01,-4.4857630134e-01,1.5397297859e+01,5.0311862183e+02
466,4.4612249732e-01,-4.4726833701e-01,1.5066842079e+01,5.0291986084e+02
467,4.4524785876e-01,-4.4631406665e-01,1.5890071869e+01,5.0270834351e+02
468,4.4604185224e-01,-4.4565400481e-01,1.5979192734e+01,5.0250561523e+02
469,4.4748902321e-01,-4.4649040699e-01,1.4860459328e+01,5.0230139160e+02
470,4.4876459241e-01,-4.4772598147e-01,1.4969352722e+01,5.0209735107e+02
471,4.4888651371e-01,-4.4791319966e-01,1.5276778221e+01,5.0189874268e+02
472,4.4807806611e-01,-4.4731596112e-01,1.6094806671e+01,5.0168725586e+02
473,4.4699999690e-01,-4.4770094752e-01,1.3761431694e+01,5.0148910522e+02
474,4.4706770778e-01,-4.4862133265e-01,1.5304559708e+01,5.0128005981e+02
475,4.4674187899e-01,-4.4970649481e-01,1.5436937332e+01,5.0107431030e+02
476,4.4507279992e-01,-4.4906014204e-01,1.4910994530e+01,5.0087292480e+02
477,4.4283679128e-01,-4.4677340984e-01,1.4163204193e+01,5.0066708374e+02
478,4.4290986657e-01,-4.4456923008e-01,1.5255727768e+01,5.0046487427e+02
479,4.4439169765e-01,-4.4368806481e-01,1.5455972672e+01,5.0025909424e+02
480,4.4628196955e-01,-4.4452577829e-01,1.5765234947e+01,5.0005752563e+02
481,4.4776898623e-01,-4.4588196278e-01,1.5650828362e+01,4.9985842896e+02
482,4.4789469242e-01,-4.4709828496e-01,1.5824792862e+01,4.9966101074e+02
483,4.4670614600e-01,-4.4755837321e-01,1.5187119484e+01,4.9945709229e+02
484,4.4526332617e-01,-4.4738715887e-01,1.4457414627e+01,4.9925000000e+02
485,4.4490489364e-01,-4.4687971473e-01,1.3452042580e+01,4.9905392456e+02
486,4.4542872906e-01,-4.4595137239e-01,1.5678591728e+01,4.9884582520e+02
487,4.4637331367e-01,-4.4570550323e-01,1.4626894951e+01,4.9864868164e+02
488,4.4715052843e-01,-4.4536721706e-01,1.7146194458e+01,4.9844610596e+02
489,4.4764387608e-01,-4.4672518969e-01,1.4911162376e+01,4.9824499512e+02
490,4.4708293676e-01,-4.4717857242e-01,1.5939284325e+01,4.9804940796e+02
491,4.4528505206e-01,-4.4722542167e-01,1.4273627281e+01,4.9784951782e+02
492,4.4430083036e-01,-4.4697046280e-01,1.4745429993e+01,4.9765179443e+02
493,4.4421446323e-01,-4.4669187069e-01,1.3490050316e+01,4.9745239258e+02
494,4.4493860006e-01,-4.4534891844e-01,1.6035314560e+01,4.9725839233e+02
495,4.4465130568e-01,-4.4487369061e-01,1.4207615852e+01,4.9705865479e+02
496,4.4513347745e-01,-4.4426274300e-01,1.5155097008e+01,4.9685659790e+02
497,4.4555282593e-01,-4.4403764606e-01,1.5194699287e+01,4.9665866089e+02
498,4.4446390867e-01,-4.4326201081e-01,1.4793269157e+01,4.9645989990e+02
499,4.4357898831e-01,-4.4271266460e-01,1.3799207687e+01,4.9625949097e+02
500,4.4339326024e-01,-4.4227415323e-01,1.4848733902e+01,4.9606420898e+02
501,4.4406709075e-01,-4.4254216552e-01,1.5418940544e+01,4.9587066650e+02
502,4.4390329719e-01,-4.4268676639e-01,1.4242546082e+01,4.9567297363e+02
503,4.4400405884e-01,-4.4186493754e-01,1.4565459251e+01,4.9547729492e+02
504,4.4483947754e-01,-4.4143640995e-01,1.4047990799e+01,4.9527621460e+02
505,4.4594711065e-01,-4.4183731079e-01,1.5041735649e+01,4.9508023071e+02
506,4.4630146027e-01,-4.4275790453e-01,1.4463269234e+01,4.9488568115e+02
507,4.4605335593e-01,-4.4253319502e-01,1.4466071129e+01,4.9468557739e+02
508,4.4560363889e-01,-4.4145444036e-01,1.4516896248e+01,4.9449035645e+02
509,4.4472879171e-01,-4.4198235869e-01,1.5654188156e+01,4.9429928589e+02
510,4.4449874759e-01,-4.4352838397e-01,1.3739235878e+01,4.9410296631e+02
511,4.4390097260e-01,-4.4506007433e-01,1.3490156174e+01,4.9390643311e+02
512,4.4241553545e-01,-4.4517356157e-01,1.4998983383e+01,4.9371185303e+02
513,4.4118475914e-01,-4.4414201379e-01,1.2998184204e+01,4.9351907349e+02
514,4.4061037898e-01,-4.4166320562e-01,1.2945550919e+01,4.9332641602e+02
515,4.4174230099e-01,-4.3962112069e-01,1.4170691490e+01,4.9312988281e+02
516,4.4395720959e-01,-4.3826982379e-01,1.4260566711e+01,4.9293307495e+02
517,4.4544455409e-01,-4.3771988153e-01,1.5334931374e+01,4.9273571777e+02
518,4.4613763690e-01,-4.3867897987e-01,1.3923124313e+01,4.9253985596e+02
519,4.4684311748e-01,-4.4033142924e-01,1.5082538605e+01,4.9234564209e+02
520,4.4653925300e-01,-4.4220745564e-01,1.4705711365e+01,4.9215222168e+02
521,4.4544789195e-01,-4.4399288297e-01,1.3010976791e+01,4.9195983887e+02
522,4.4287216663e-01,-4.4372788072e-01,1.2830553055e+01,4.9176483154e+02
523,4.4097790122e-01,-4.4124329090e-01,1.4648775101e+01,4.9156930542e+02
524,4.4065636396e-01,-4.3985730410e-01,1.3742625237e+01,4.9137719727e+02
525,4.4142627716e-01,-4.3938529491e-01,1.3974976540e+01,4.9118417358e+02
526,4.4260141253e-01,-4.3818578124e-01,1.3814305305e+01,4.9098889160e+02
527,4.4387292862e-01,-4.3863573670e-01,1.3444363594e+01,4.9079745483e+02
528,4.4369119406e-01,-4.4040104747e-01,1.2591871262e+01,4.9060321045e+02
529,4.4369035959e-01,-4.4227823615e-01,1.3383592606e+01,4.9041210938e+02
530,4.4176995754e-01,-4.4143825769e-01,1.1411571503e+01,4.9022180176e+02
531,4.4032600522e-01,-4.3916973472e-01,1.3959598541e+01,4.9002896118e+02
532,4.4065910578e-01,-4.3832847476e-01,1.3728984833e+01,4.8983770752e+02
533,4.4341108203e-01,-4.3942186236e-01,1.4422702789e+01,4.8964413452e+02
534,4.4472664595e-01,-4.4157424569e-01,1.3159341812e+01,4.8944866943e+02
535,4.4356536865e-01,-4.4043457508e-01,1.2443129539e+01,4.8925903320e+02
536,4.4049531221e-01,-4.3826869130e-01,1.1700524330e+01,4.8907171631e+02
537,4.3922120333e-01,-4.3744325638e-01,1.2279964447e+01,4.8888769531e+02
538,4.4130617380e-01,-4.3782448769e-01,1.3679915428e+01,4.8869515991e+02
539,4.4331103563e-01,-4.3879178166e-01,1.2941149712e+01,4.8850418091e+02
540,4.4314849377e-01,-4.3965777755e-01,1.3483745575e+01,4.8831634521e+02
541,4.4303387403e-01,-4.4054919481e-01,1.2122759819e+01,4.8812506104e+02
542,4.4242161512e-01,-4.4139042497e-01,1.1526171684e+01,4.8794021606e+02
543,4.4136872888e-01,-4.4156971574e-01,1.1170204163e+01,4.8775146484e+02
544,4.4013637304e-01,-4.4064188004e-01,1.3413456917e+01,4.8756195068e+02
545,4.4060888886e-01,-4.4019946456e-01,1.2938607216e+01,4.8737274170e+02
546,4.4104024768e-01,-4.3975153565e-01,1.4060604095e+01,4.8718078613e+02
547,4.4114118814e-01,-4.3890884519e-01,1.3870998383e+01,4.8699618530e+02
548,4.4036146998e-01,-4.3924665451e-01,1.2511833191e+01,4.8680505371e+02
549,4.4040155411e-01,-4.3931591511e-01,1.0750293732e+01,4.8661608887e+02
550,4.3923035264e-01,-4.3808335066e-01,1.1338199615e+01,4.8643307495e+02
551,4.3915221095e-01,-4.3671900034e-01,1.1955248833e+01,4.8623977661e+02
552,4.4118243456e-01,-4.3655654788e-01,1.4161722183e+01,4.8605218506e+02
553,4.4356253743e-01,-4.3670463562e-01,1.2260738373e+01,4.8586053467e+02
554,4.4355249405e-01,-4.3610239029e-01,1.3202865601e+01,4.8567477417e+02
555,4.4154226780e-01,-4.3633708358e-01,1.2413486481e+01,4.8548852539e+02
556,4.4035688043e-01,-4.3801122904e-01,1.2003648758e+01,4.8530133057e+02
557,4.4025668502e-01,-4.3972024322e-01,1.1257307053e+01,4.8511663818e+02
558,4.4012147188e-01,-4.4051837921e-01,1.1347015381e+01,4.8492837524e+02
559,4.3915319443e-01,-4.3981719017e-01,1.1431743622e+01,4.8474139404e+02
560,4.3849468231e-01,-4.3791195750e-01,1.1690541267e+01,4.8455432129e+02
561,4.3861365318e-01,-4.3533751369e-01,1.1504852295e+01,4.8436785889e+02
562,4.3925398588e-01,-4.3345439434e-01,1.1392982483e+01,4.8417971802e+02
563,4.3949985504e-01,-4.3228155375e-01,1.2636279106e+01,4.8399655151e+02
564,4.3963670731e-01,-4.3222483993e-01,1.1886520386e+01,4.8381124878e+02
565,4.3963780999e-01,-4.3292045593e-01,1.0321222305e+01,4.8362426758e+02
566,4.3982300162e-01,-4.3471801281e-01,1.0594428062e+01,4.8343847656e+02
567,4.3983480334e-01,-4.3733215332e-01,1.1831369400e+01,4.8325637817e+02
568,4.3994399905e-01,-4.3856716156e-01,1.2201483727e+01,4.8307119751e+02
569,4.3908256292e-01,-4.3757265806e-01,1.1332375526e+01,4.8288284302e+02
570,4.3849772215e-01,-4.3584963679e-01,1.1298393250e+01,4.8270272827e+02
571,4.4003441930e-01,-4.3609887362e-01,1.1766126633e+01,4.8251770020e+02
572,4.4147366285e-01,-4.3748477101e-01,1.0875374794e+01,4.8232861328e+02
573,4.4076269865e-01,-4.3718791008e-01,1.1031652451e+01,4.8214709473e+02
574,4.3807569146e-01,-4.3733936548e-01,1.0917929649e+01,4.8196258545e+02
575,4.3823513389e-01,-4.3759626150e-01,1.1043961525e+01,4.8177868652e+02
576,4.3888401985e-01,-4.3801859021e-01,1.0658641815e+01,4.8159475708e+02
577,4.3943831325e-01,-4.3642470241e-01,1.1928965569e+01,4.8140750122e+02
578,4.3916150928e-01,-4.3436741829e-01,1.0900941849e+01,4.8122662354e+02
579,4.3914061785e-01,-4.3381500244e-01,9.1952104568e+00,4.8104299927e+02
580,4.3994414806e-01,-4.3536132574e-01,1.0240624428e+01,4.8086267090e+02
581,4.3968147039e-01,-4.3660485744e-01,9.3754663467e+00,4.8068041992e+02
582,4.3776533008e-01,-4.3473502994e-01,1.2054655075e+01,4.8050308228e+02
583,4.3643301725e-01,-4.3395358324e-01,1.1336425781e+01,4.8032513428e+02
584,4.3767377734e-01,-4.3364247680e-01,1.2670310974e+01,4.8014035034e+02
585,4.3883335590e-01,-4.3383625150e-01,1.0838331223e+01,4.7995462036e+02
586,4.3863561749e-01,-4.3307730556e-01,1.0337885857e+01,4.7977706909e+02
587,4.3764695525e-01,-4.3306171894e-01,9.1151533127e+00,4.7959542847e+02
588,4.3835595250e-01,-4.3402349949e-01,1.0588228226e+01,4.7941067505e+02
589,4.3916821480e-01,-4.3492260575e-01,1.1497866631e+01,4.7923165894e+02
590,4.3824771047e-01,-4.3487697840e-01,1.0880849838e+01,4.7904452515e+02
591,4.3572279811e-01,-4.3396767974e-01,9.7787637711e+00,4.7886096191e+02
592,4.3437427282e-01,-4.3249052763e-01,1.0025774956e+01,4.7868124390e+02
593,4.3541806936e-01,-4.3202957511e-01,1.0602433205e+01,4.7850173950e+02
594,4.3683296442e-01,-4.3261981010e-01,9.8061485291e+00,4.7832055664e+02
595,4.3805491924e-01,-4.3361365795e-01,1.0207651138e+01,4.7814044189e+02
596,4.3822106719e-01,-4.3366897106e-01,9.5659809113e+00,4.7796115112e+02
597,4.3750432134e-01,-4.3349352479e-01,1.0724916458e+01,4.7777963257e+02
598,4.3658232689e-01,-4.3480640650e-01,1.0455387115e+01,4.7759963989e+02
599,4.3631973863e-01,-4.3657112122e-01,1.0077964783e+01,4.7742031860e+02
600,4.3518719077e-01,-4.3631213903e-01,9.5621252060e+00,4.7723529053e+02
601,4.3333894014e-01,-4.3391570449e-01,1.0007135391e+01,4.7705404663e+02
602,4.3275269866e-01,-4.3051019311e-01,9.9547815323e+00,4.7687719727e+02
603,4.3433839083e-01,-4.2916768789e-01,9.5703020096e+00,4.7669509888e+02
604,4.3698391318e-01,-4.2881271243e-01,9.9961977005e+00,4.7651724243e+02
605,4.3884667754e-01,-4.2974457145e-01,9.2934761047e+00,4.7633782959e+02
606,4.3779596686e-01,-4.2954462767e-01,8.3021965027e+00,4.7615621948e+02
607,4.3633091450e-01,-4.2932358384e-01,8.6541337967e+00,4.7597943115e+02
608,4.3631860614e-01,-4.3163374066e-01,9.3431367874e+00,4.7579705811e+02
609,4.3720549345e-01,-4.3426159024e-01,1.0487088203e+01,4.7561660767e+02
610,4.3707853556e-01,-4.3473815918e-01,1.0138977051e+01,4.7543881226e+02
611,4.3483841419e-01,-4.3281123042e-01,1.0818652153e+01,4.7525567627e+02
612,4.3331936002e-01,-4.3205147982e-01,9.5826101303e+00,4.7507946777e+02
613,4.3407413363e-01,-4.3286147714e-01,8.1621847153e+00,4.7489996338e+02
614,4.3478646874e-01,-4.3263727427e-01,7.7343058586e+00,4.7472531128e+02
615,4.3467599154e-01,-4.3208336830e-01,1.0044613838e+01,4.7454705811e+02
616,4.3467113376e-01,-4.3344670534e-01,8.5799026489e+00,4.7436645508e+02
617,4.3550270796e-01,-4.3505945802e-01,9.7247610092e+00,4.7418420410e+02
618,4.3604812026e-01,-4.3498688936e-01,8.2951555252e+00,4.7400421143e+02
619,4.3434607983e-01,-4.3291684985e-01,9.9093837738e+00,4.7382919312e+02
620,4.3263763189e-01,-4.3044286966e-01,8.8753309250e+00,4.7364990234e+02
621,4.3360736966e-01,-4.2952093482e-01,8.9834575653e+00,4.7347732544e+02
622,4.3439388275e-01,-4.2956882715e-01,8.2552957535e+00,4.7330166626e+02
623,4.3481883407e-01,-4.2955291271e-01,8.2189188004e+00,4.7311923218e+02
624,4.3492475152e-01,-4.2888835073e-01,1.0176613808e+01,4.7293865967e+02
625,4.3521535397e-01,-4.2861405015e-01,8.4559831619e+00,4.7275799561e+02
626,4.3580099940e-01,-4.2903140187e-01,8.2153863907e+00,4.7257333374e+02
627,4.3610748649e-01,-4.3049293756e-01,8.2376346588e+00,4.7239938354e+02
628,4.3469068408e-01,-4.3150851130e-01,8.6439285278e+00,4.7222363281e+02
629,4.3264466524e-01,-4.3169084191e-01,8.5039901733e+00,4.7204656982e+02
630,4.3026494980e-01,-4.3195676804e-01,8.8673295975e+00,4.7187579346e+02
631,4.3004104495e-01,-4.3188846111e-01,8.1813287735e+00,4.7169149780e+02
632,4.3109515309e-01,-4.3086901307e-01,8.2419204712e+00,4.7151617432e+02
633,4.3124118447e-01,-4.2963525653e-01,7.8941121101e+00,4.7134149170e+02
634,4.3163681030e-01,-4.2751047015e-01,8.8808250427e+00,4.7115795898e+02
635,4.3246746063e-01,-4.2757493258e-01,8.8345222473e+00,4.7097900391e+02
